Index|Day|Composite AxiomaID|Constituent AxiomaID
0|1|137M4ZH33|128
1|1|144DRUKM4|40
2|1|14JUDRYZ8|496
3|1|14N1R9B87|151
4|1|14WBQZ7K6|93
5|1|151WJ5Q40|159
6|1|162MF96H8|872
7|1|17CYYGPV0|27
8|1|17DXMTSS0|1917
9|1|17JP136W6|19
10|1|17PJ5DQ13|84
11|1|17XU54LB2|68
12|1|1838NV2F4|428
13|1|1987ZYZT4|34
14|1|19J3VQXM9|3452
15|1|1A936JHN7|31
16|1|1AY3C1U97|106
17|1|1C51CHVK8|155
18|1|1D1TZBY32|52
19|1|1DG8N9CG5|61
20|1|1DK6FWPS2|2
21|1|1DYARP3L9|90
22|1|1FZ1NSKY4|425
23|1|1HBBVB685|840
24|1|1HG38LLC6|43
25|1|1HGSD2NB7|506
26|1|1JMBXVKA2|488
27|1|1JNAM7N72|101
28|1|1K5N8HD92|77
29|1|1KY9C4461|46
30|1|1LUDNS4C6|2
31|1|1MNYMFXK5|9
32|1|1N2FM1917|55
33|1|1NB14M698|69
34|1|1NY87VBK4|51
35|1|1PCNVSRX5|82
36|1|1PGLPF381|12
37|1|1PGV7A463|126
38|1|1PR66ZZH4|128
39|1|1PVQZ6H20|71
40|1|1Q5LUXDV4|88
41|1|1S8S3UKQ1|450
42|1|1SCHH3YU1|15
43|1|1SD6ML1T7|601
44|1|1TJS6CXS6|684
45|1|1TKQUR1P9|377
46|1|1U32GZSR3|71
47|1|1UG8XQ394|440
48|1|1UVPLMHN5|76
49|1|1WYUUJNH0|55
50|1|1XH6GTDK8|26
51|1|1YA34A5D9|98
52|1|1YCZWXGQ4|51
53|1|1YT57PVJ6|31
54|1|2266BBY69|527
55|1|229WQMCA4|35
56|1|23G25GAS9|27
57|1|23G6DWB89|616
58|1|23H538F56|297
59|1|23ZGQJ679|68
60|1|24NXU9FY1|657
61|1|26VADPY29|401
62|1|26W9321Y9|62
63|1|27DLQAT10|26
64|1|27KFUNA53|26
65|1|2864W5DK3|105
66|1|287HBTJV4|137
67|1|28KZP1SF0|250
68|1|28QKG78Z2|28
69|1|28ZFAY6T6|57
70|1|2B3LKVBN3|1219
71|1|2B7AY4RS0|34
72|1|2CDKARTM5|457
73|1|2CWVY1KP3|24
74|1|2D6RTSHH8|607
75|1|2FCFACHU8|298
76|1|2FCKKTJA1|252
77|1|2FHLA7XZ2|26
78|1|2FHQKNYG6|24
79|1|2G1BK3R35|49
80|1|2GKMUQL26|1386
81|1|2GSQN7BJ3|401
82|1|2GTPAKFF3|58
83|1|2HAZXU6H8|26
84|1|2HU84XWQ3|12
85|1|2J4WLAXB8|160
86|1|2JHDWK5W7|24
87|1|2JMYPQNG5|83
88|1|2JWUKGL97|224
89|1|2LBYA7HD4|222
90|1|2LGKF1W24|85
91|1|2LM99XCQ8|34
92|1|2LZZTCR43|26
93|1|2M4R6N589|96
94|1|2NAYK9739|61
95|1|2NQKT9K12|160
96|1|2NUA6JY58|30
97|1|2P41SUVH0|46
98|1|2P4629VY7|166
99|1|2Q8MBNSG8|106
100|1|2Q9UJVWA1|238
101|1|2QDZJRBG4|11
102|1|2QF4T6BX9|26
103|1|2QXRSM4K0|161
104|1|2RH237YJ1|1367
105|1|2RQ4VQQZ7|401
106|1|2SJFAJJ85|42
107|1|2SRNCGA66|18
108|1|2SVJUFQD0|2
109|1|2SZYC66H6|434
110|1|2T2ATUAT0|272
111|1|2TDU52KC8|50
112|1|2TKCX81X1|87
113|1|2TU8SYYR5|222
114|1|2U2M4BS53|41
115|1|2UVN19JG3|1629
116|1|2VHV4JPR3|476
117|1|2VJPJFS69|50
118|1|2W25F5JQ1|42
119|1|2WB19WGJ7|44
120|1|2WB5KBGZ5|412
121|1|2X394L2H5|301
122|1|2X8CSSLK4|22
123|1|2XRQF2BM0|1601
124|1|2XS51NCN1|42
125|1|2Z33SJUM0|31
126|1|2Z78SD9S9|112
127|1|2ZBDS8QX4|103
128|1|2ZBK1PRD2|31
129|1|2ZV614J13|41
130|1|31DGARBZ7|504
131|1|31MK484G7|226
132|1|31NHSL7C4|113
133|1|32P2LYPN8|11
134|1|32SY2Y3V2|1448
135|1|32YR2BQ94|219
136|1|33GT5RFD3|86
137|1|33H3HWFY9|1401
138|1|33RP1HC71|55
139|1|33Z1BV5M8|314
140|1|33ZZ178J1|1214
141|1|34JVJJ232|9
142|1|34T28SWX8|1629
143|1|35YKNNX61|60
144|1|368KSUVG7|371
145|1|36C1N88N9|845
146|1|37P4NKR33|504
147|1|37TUJG7R4|1381
148|1|382LN52K0|41
149|1|394NZWP82|127
150|1|39CYZMKK9|31
151|1|39SL8MWH4|40
152|1|3AAVK8RG3|657
153|1|3AKSRNLC4|69
154|1|3AUHJPJ34|23
155|1|3BLGUH344|31
156|1|3BMQ1Q6Y4|126
157|1|3BW59V3R8|272
158|1|3C1FK5KC6|101
159|1|3CD7D8TV2|26
160|1|3CP38ZRP9|146
161|1|3DFLMKCL0|226
162|1|3DQGHAAD7|965
163|1|3FBPLKGP8|50
164|1|3FVYW6AN7|49
165|1|3G5Z1C8X3|66
166|1|3G9FVRN44|297
167|1|3HLJW34K7|102
168|1|3HR8RYM72|1369
169|1|3J3S36US2|103
170|1|3K238F2Q5|1931
171|1|3K6889HV7|200
172|1|3KAD84Y19|145
173|1|3L89SS4X7|501
174|1|3LHB8LZA5|174
175|1|3LRN8AVM0|149
176|1|3LZY81RX8|2
177|1|3M58HB7K4|21
178|1|3MK497LF9|130
179|1|3MXUSNXU5|251
180|1|3NAMMS7B2|24
181|1|3NLHHJ552|200
182|1|3NQ7VSK98|35
183|1|3PMVQTPV4|968
184|1|3PSFHZ6F5|22
185|1|3QK87PTW8|625
186|1|3QTD4PQ46|36
187|1|3R7PJ6417|26
188|1|3RR1YQUQ3|35
189|1|3SHY4LJ12|402
190|1|3SNNZGZP5|565
191|1|3T16AQ887|1203
192|1|3TYHGXG61|140
193|1|3TZYCRMB2|61
194|1|3U78LM9Z0|26
195|1|3U7TGNBH5|313
196|1|3UC3QXT43|49
197|1|3V19HK2A3|230
198|1|3V5Q19JD9|501
199|1|3VDRH4CS6|24
200|1|3W1Q2HJ42|121
201|1|3WAYQKHB8|61
202|1|3WGJHQYW7|359
203|1|3WV916BA6|395
204|1|3X81V9LT6|42
205|1|3XMN49XR3|68
206|1|3XSH8MFV8|721
207|1|3YPURHKW2|199
208|1|3ZQTC73L2|39
209|1|41DDRDCT9|26
210|1|425D26XU2|150
211|1|42FCC3WH9|80
212|1|42L37ZD54|501
213|1|43VWQFUN2|114
214|1|4457Q5QY7|102
215|1|44XPR2FS7|34
216|1|45B5QMS89|42
217|1|45Y49ZWL3|394
218|1|46CXR8CC3|605
219|1|46SP8PQS6|1349
220|1|471LG3KP4|275
221|1|475G3SZ90|27
222|1|47K2BTB73|145
223|1|48VAFUTR1|46
224|1|49N7LQH25|57
225|1|4A28GAV10|226
226|1|4AATYWS94|51
227|1|4B32TLC88|32
228|1|4BBSLM9Y5|53
229|1|4BH7XMRP1|501
230|1|4BHHGHSM5|395
231|1|4BWC8D5H3|92
232|1|4CTAXY841|425
233|1|4F8KY55Q1|41
234|1|4FVJJJA22|338
235|1|4GQ3H7483|1263
236|1|4H2VBACR3|105
237|1|4J3QHUVL1|51
238|1|4JSQPC773|44
239|1|4JWVP7NC9|157
240|1|4KKMU7VJ9|65
241|1|4L47GZR24|26
242|1|4L887F5R1|79
243|1|4M4HSJ6D2|103
244|1|4M96U4PF5|102
245|1|4MDWQ1632|657
246|1|4NAAJK777|301
247|1|4NQR6GML8|40
248|1|4PBY9QSV1|263
249|1|4Q5Z6NK66|55
250|1|4QKG67VN7|153
251|1|4RMHQQHQ6|5
252|1|4RZ9KTS70|30
253|1|4SNMF51H7|31
254|1|4TQ4WVLP6|40
255|1|4UH22R8Z2|70
256|1|4V5NFXK78|796
257|1|4W6M2N2W8|22
258|1|4W75XP4D5|8
259|1|4WAC96GN0|589
260|1|4XN5DZ122|66
261|1|4Y9CJ86B0|51
262|1|4Z3DF5XN5|80
263|1|51JWY7W63|178
264|1|51WPTB5P8|30
265|1|522DP7NB0|76
266|1|526KP33H8|95
267|1|52L1NNDY3|274
268|1|53MK5CZ51|156
269|1|54DGA8NG0|43
270|1|5532PFXP6|77
271|1|5641A5GC1|141
272|1|56NGPHAF4|34
273|1|57KKNHDJ7|79
274|1|58G3RGG46|51
275|1|58ZTNPB47|112
276|1|5AGB6R9N8|601
277|1|5AU41UK52|19
278|1|5B3UN5GH2|113
279|1|5B3YWLGY2|102
280|1|5BVH953V9|25
281|1|5C1751LJ2|51
282|1|5DAVJS1X4|30
283|1|5G1FJNUU7|141
284|1|5GKVWZPW1|250
285|1|5J9FWWHT6|1366
286|1|5JX7W6QL1|106
287|1|5LRJ9BXM2|51
288|1|5LW858F90|86
289|1|5M1D53VF0|25
290|1|5M75A7H70|193
291|1|5MSWHNHB7|101
292|1|5MT1S3HT7|27
293|1|5P89S9FD0|49
294|1|5PHLRZAQ2|41
295|1|5QXUS68A3|818
296|1|5RHA5J3C1|102
297|1|5TUHV93L0|42
298|1|5TUN4Q420|26
299|1|5VK2V5WH4|852
300|1|5VK74LWY1|27
301|1|5VTNCRTR4|32
302|1|5VWYYQ6G3|31
303|1|5VXTCM8W9|64
304|1|5Y5PZSTV3|27
305|1|5YDZZHQ64|624
306|1|5ZV8ZPMS9|1099
307|1|632WX95F3|51
308|1|63S2C7HJ7|26
309|1|641MVTDS5|1386
310|1|645NM7UG4|51
311|1|6539MYZF2|156
312|1|65GH3P9Y8|78
313|1|65QXBU6R0|16
314|1|65R2M9775|26
315|1|65V7M4NC1|69
316|1|66MQYP990|61
317|1|67UC4MCJ4|15
318|1|686R6DLM7|938
319|1|68U8MTSG5|1381
320|1|69P34CML2|99
321|1|69SP87189|40
322|1|6A6Q3TD74|210
323|1|6BHJL8UQ1|35
324|1|6C1PMFP73|1242
325|1|6C9AGPHK3|104
326|1|6CPGLQVZ5|78
327|1|6D32UR7X8|56
328|1|6F7J544F3|614
329|1|6FCWB6PF3|125
330|1|6FSMUN1U3|26
331|1|6FZZ5ZU84|3072
332|1|6GK9GMP71|10
333|1|6HBBQ7BM8|77
334|1|6HRSC4RZ0|33
335|1|6J45DWZ30|1025
336|1|6J8UGJH45|26
337|1|6KQ3GQDQ1|113
338|1|6L7ANU4X2|48
339|1|6MSQNVHP3|31
340|1|6NZH38MD7|110
341|1|6P4HTP234|80
342|1|6QAAKQ2W3|82
343|1|6RGKFQ274|120
344|1|6RGPQ52P7|42
345|1|6SHJVPKJ2|447
346|1|6SP6LN5G0|37
347|1|6TTWDW2W4|125
348|1|6UMHQ7T60|461
349|1|6VWNVH6B0|50
350|1|6W2WT4QV7|722
351|1|6W6CNJ428|301
352|1|6X44XQ9H1|31
353|1|6Y9JWF8W4|201
354|1|6YPYKBP97|31
355|1|6Z7QT7GC4|36
356|1|6ZMGANTS5|93
357|1|715H3DMT1|153
358|1|71CYP7FP1|166
359|1|71K3BDYR7|1310
360|1|72TY5JBB2|1376
361|1|72USKFDS5|112
362|1|733NXK921|130
363|1|74JWXR6N4|1944
364|1|74KGTS857|11
365|1|756PX1DF6|960
366|1|75GKSSB81|53
367|1|763SW1HJ0|301
368|1|76835AY51|61
369|1|771K67NY3|141
370|1|79551QUU1|30
371|1|798GMP7K1|58
372|1|79CMMJNQ6|18
373|1|79JVK6787|96
374|1|7BBS51CV8|1507
375|1|7BGSVFTK9|101
376|1|7BRCD1QT7|501
377|1|7C1362NJ4|43
378|1|7D63BGLJ2|1455
379|1|7DGB68L40|1010
380|1|7FC9VTNR7|504
381|1|7FWR95HT5|387
382|1|7GXYDR2F0|45
383|1|7KA1V2263|142
384|1|7KB929619|37
385|1|7L7XDP835|10
386|1|7M96CJSB5|1519
387|1|7MNSMK498|241
388|1|7NBST2FW9|1951
389|1|7NQA49PG8|425
390|1|7PCRDRYL0|2596
391|1|7Q59LLL42|151
392|1|7Q9Q4B275|507
393|1|7R7RRP871|81
394|1|7RHB995G4|26
395|1|7RUYUXDH1|50
396|1|7RVCN8FW6|269
397|1|7U7G3KFN2|24
398|1|7V5BN6MK0|201
399|1|7W6LM25T5|241
400|1|7WVLSKHF8|151
401|1|7XMQBT2X1|352
402|1|7YA5N9C26|1103
403|1|7YFLZ9TS8|27
404|1|7Z2PU3YL7|151
405|1|8155Z6MP4|44
406|1|81SD3FSY2|79
407|1|81SSVRUC7|52
408|1|822JH2RQ7|237
409|1|82LDZCK92|26
410|1|82TWL6C57|101
411|1|852RVQ116|36
412|1|86T112VW7|51
413|1|86WGVG935|122
414|1|87K4LAGD7|21
415|1|887KVSRJ9|300
416|1|894JLBU57|91
417|1|89LHRYFW4|18
418|1|8APTAY6F6|74
419|1|8ATYATML1|132
420|1|8BHU7VXR4|373
421|1|8BRATPRM4|53
422|1|8D29KL7L2|39
423|1|8D3HRTBF7|62
424|1|8D6Q3APP4|726
425|1|8F9AHUC84|115
426|1|8GPR447D4|26
427|1|8GQF8L9C7|76
428|1|8J4UUV4J5|41
429|1|8J4Z4A4Z3|179
430|1|8KF59KJ57|81
431|1|8LM7KGKW8|98
432|1|8LRCKB120|723
433|1|8LZTTGWU8|45
434|1|8MF8GDB79|101
435|1|8MNR27532|115
436|1|8P44AU354|51
437|1|8PCA23XZ1|57
438|1|8Q9D14231|101
439|1|8QF32QK44|100
440|1|8RM5BMLV7|47
441|1|8RMUH3NU8|101
442|1|8SCY2B8B6|62
443|1|8SK2QJSD8|36
444|1|8T293CHZ4|1249
445|1|8T2DBTJG9|106
446|1|8UBKJ2WM3|25
447|1|8UFB7Z7U9|101
448|1|8VJMSYYC9|101
449|1|8VSTJ8U76|177
450|1|8WBNPWQP0|511
451|1|8XW41LZJ1|48
452|1|8XXB7U4C7|51
453|1|8Y9Q9MBG8|24
454|1|8YJBY55F8|63
455|1|8YL8GKBM7|125
456|1|8Z6T8MFK0|71
457|1|8ZBHA7XL8|78
458|1|91JKL4ZB2|637
459|1|91JZ6R1C0|28
460|1|91K8QM2A0|83
461|1|92GGY25V1|50
462|1|92LS7BMH1|466
463|1|92YTLAWX5|42
464|1|948YRLA39|102
465|1|94KHXJA89|503
466|1|95GFTTD85|252
467|1|95L71BSZ0|38
468|1|9692XF451|47
469|1|96SYFQWQ9|19
470|1|971G1JQL4|67
471|1|97KBJUJ53|106
472|1|97TJ94CZ7|80
473|1|97URGBHU9|51
474|1|9874J4QX1|20
475|1|98FS6NJW1|57
476|1|98HJFMQM5|63
477|1|9947H4U12|101
478|1|998WJRB29|226
479|1|999V73DY4|3072
480|1|9AGNY4FS0|50
481|1|9B7SJC193|152
482|1|9BCW6KKB8|75
483|1|9BW7TUAD1|174
484|1|9CXM24V49|1507
485|1|9GDYRRAH2|124
486|1|9HQXHMSG3|31
487|1|9HS5PUWA3|31
488|1|9J5C5K6U8|331
489|1|9JC6F5XC5|42
490|1|9KLRF64W2|359
491|1|9M52HFD90|76
492|1|9MAAF2XT1|487
493|1|9MTN2BPV1|707
494|1|9N3CNNM78|96
495|1|9NV19N8L2|51
496|1|9P96DPN18|45
497|1|9PDBDK364|100
498|1|9QA99U660|141
499|1|9QF1HCKX8|21
500|1|9R8G6MCN2|12
501|1|9RBCZ8PY8|34
502|1|9RC7D5SD1|81
503|1|9T9LNPAU6|23
504|1|9TB7N7H37|109
505|1|9TGSFCYN1|239
506|1|9TL89SBU0|1250
507|1|9UC1ZGZA7|51
508|1|9UJ5NPJC8|59
509|1|9USLWUF51|434
510|1|9V9T9P5R3|403
511|1|9VY54ZF16|274
512|1|9W2GQXSR5|504
513|1|9W7QNLB95|205
514|1|9WM6N5NR4|153
515|1|9WR29V3B4|699
516|1|9XS1QULN0|406
517|1|9Y6LN71H7|51
518|1|9YARN2GN1|67
519|1|9Z7PJBKN6|47
520|1|A15VF4S42|23
521|1|A18T7S3F2|31
522|1|A2GU61830|154
523|1|A2LQMZNA7|31
524|1|A2LZ5VP88|104
525|1|A2Z6MKYS8|1087
526|1|A36ZW6QA2|723
527|1|A38MVQVK8|52
528|1|A3CSVLAQ1|67
529|1|A3D6NWC40|32
530|1|A49V1AF62|1900
531|1|A4FKW6WU2|47
532|1|A4U6578S6|499
533|1|A577J6K76|52
534|1|A654W3QR5|504
535|1|A6NGJCGT0|402
536|1|A7PFYBZ47|127
537|1|A7UPVZJN5|214
538|1|A83ZVQDY3|105
539|1|A953RUY49|41
540|1|A9CZY8T13|68
541|1|A9TKVM7V8|210
542|1|AA67G9GW3|378
543|1|ABD8DJMK1|193
544|1|ABWLV3C84|584
545|1|AC6248911|116
546|1|ACA743Q66|1525
547|1|ACALWDRL8|1951
548|1|ACF2RT4S6|1188
549|1|AD798TTN3|1389
550|1|ADBZ4QAA8|100
551|1|ADRLCQN84|642
552|1|AF4MRPXP9|40
553|1|AFWA6YKP2|226
554|1|AG2K4M477|402
555|1|AGG146FP7|221
556|1|AGKVRVV94|1378
557|1|AK2HZCBL4|295
558|1|AKQZ44MB0|78
559|1|ALX2D1P34|5
560|1|AMFTMWG68|374
561|1|AMU13LRQ1|12
562|1|AN7MBM3N1|105
563|1|AN814X524|504
564|1|AP9DC7PS1|93
565|1|APNZM81Q3|700
566|1|AQ21Z7B52|75
567|1|AQTQFGY55|1838
568|1|ARCFBPU53|231
569|1|ARH9ZD8R0|513
570|1|ASPJC1AL8|39
571|1|ASXUBR6W9|1360
572|1|ATBABAJC2|721
573|1|ATYX7VR29|111
574|1|AUNDBMZT9|113
575|1|AVUGMK2K9|574
576|1|AWC7VDUN6|346
577|1|AWRFB4569|289
578|1|AWY8LQVQ4|94
579|1|AX51L4H43|141
580|1|AX5FCFJJ2|504
581|1|AZ4AC27R3|1381
582|1|AZR4NZBM3|238
583|1|AZZKX58D7|716
584|1|B19UL77M8|562
585|1|B1DQ7WN78|504
586|1|B2LXLJQ23|64
587|1|B3CFY3AY8|146
588|1|B3JKM9V19|1886
589|1|B4KTL5D98|98
590|1|B4Y9KQQR8|36
591|1|B5RVV2G13|2
592|1|B64SYLQZ2|136
593|1|B69N3X845|160
594|1|B6VNU8969|848
595|1|B847U8GQ8|51
596|1|B8MKGJ7S7|36
597|1|B8VVG8435|31
598|1|B91QLKM75|395
599|1|B9NJWHR36|625
600|1|B9WZ5NMV0|444
601|1|BAB4GF1P0|1494
602|1|BBJBU23J9|41
603|1|BBSJKAYC6|66
604|1|BC9V6LQF2|419
605|1|BCFYUT8H1|883
606|1|BCTRPWHZ0|35
607|1|BDGJP6QS3|22
608|1|BDH7TNSR7|126
609|1|BDQUNWM31|507
610|1|BDVDG33N2|204
611|1|BDYW4RGG8|48
612|1|BG72BFML7|308
613|1|BGTM4HQJ4|49
614|1|BJ1N2RV68|51
615|1|BJ9TT1R11|2282
616|1|BJF8AS747|88
617|1|BJJYQ1M82|153
618|1|BJT9PRHK9|33
619|1|BJY4U2ZP2|565
620|1|BKKY514K3|110
621|1|BKUDD61B1|114
622|1|BL8JPXF57|338
623|1|BLHAMW8L4|51
624|1|BMFS2KGZ3|101
625|1|BNB1MNHN2|501
626|1|BNR5XDWG4|113
627|1|BP56T19F0|26
628|1|BPT41RHP1|58
629|1|BQQVAXP47|663
630|1|BR4GKY129|51
631|1|BRR1C13Z3|89
632|1|BSPGSPBD0|486
633|1|BSX3MX5R5|401
634|1|BSY2A98N8|51
635|1|BTGCXJZQ0|32
636|1|BTKVM7CJ2|239
637|1|BTQPX8W12|62
638|1|BTR8T9XJ2|433
639|1|BTVK2LD54|501
640|1|BTZYLAV87|51
641|1|BURXW4F93|51
642|1|BUSWKGJ62|41
643|1|BV239RD18|53
644|1|BV5XXFTM5|31
645|1|BVK14Q3P7|6
646|1|BWC6A2VG8|348
647|1|BZN9KG2L2|433
648|1|C11VTGDJ5|31
649|1|C1F395Q21|140
650|1|C1NFLJHG0|503
651|1|C27PKHFB2|502
652|1|C2VGJSN40|50
653|1|C392SSZ25|125
654|1|C3N45S9H6|112
655|1|C3NP1TAZ9|226
656|1|C4PC4MTR4|51
657|1|C4QASYWN0|41
658|1|C4YHJ8SH1|7
659|1|C53C5Y735|124
660|1|C69LJL8X3|50
661|1|C76TS1CH1|2697
662|1|C83BUZF31|1273
663|1|C8N2S7A39|502
664|1|C9PQJCVR5|115
665|1|C9YA1YSZ7|31
666|1|CAKUU1VX6|51
667|1|CALXRTZA8|63
668|1|CC6H1ACJ1|52
669|1|CCA7DKSN7|49
670|1|CCL39AQG8|102
671|1|CCL7JRQX4|76
672|1|CDMR1HA49|101
673|1|CDS19SRR9|52
674|1|CDZSDGLK4|66
675|1|CG1RUG3V3|70
676|1|CG6ZS3ND0|78
677|1|CH3DLMPJ0|504
678|1|CH47ZJRY9|47
679|1|CHZS3HTK6|198
680|1|CJK2D4NJ2|2163
681|1|CK6KUJUC0|4272
682|1|CKYWLZJQ9|43
683|1|CLH92K9D1|226
684|1|CM2J1J798|251
685|1|CMQ9ZTF21|85
686|1|CMXNB67G6|2
687|1|CN3W8TRZ7|278
688|1|CN7MN3647|51
689|1|CPJ6LNLP8|297
690|1|CPK58ZPL1|101
691|1|CPX6MYZ15|852
692|1|CQY62YHB2|81
693|1|CR4DZM1V1|101
694|1|CRZTU52Z4|244
695|1|CSX6B1714|314
696|1|CTGGMN1Z0|1509
697|1|CU3Z327U1|50
698|1|CUWAUHX65|103
699|1|CVYX91LR7|101
700|1|CWV2KPLX7|2
701|1|CX51VLKL0|201
702|1|CX5GH6LM3|386
703|1|CXDBVAFW5|31
704|1|CXNDB5A99|43
705|1|CYFLU5Z58|389
706|1|CYGKHJ326|1098
707|1|CYQR7SXW2|72
708|1|CYULVHCH3|229
709|1|CZ8HGNQZ3|300
710|1|CZD28U7K7|196
711|1|D11U84FB1|61
712|1|D14WA6S48|47
713|1|D1X82NGG7|4
714|1|D2AUANTD5|6
715|1|D38B2YXW6|427
716|1|D3CVV5FG3|226
717|1|D41DAKMA8|1087
718|1|D5M73X1G5|114
719|1|D72G43Y23|25
720|1|D7Z3Y53N6|271
721|1|D88K79ZF0|73
722|1|D8C12PCM6|151
723|1|D8MB2D8X1|2
724|1|D8N5GABC6|50
725|1|D8S13ZRY4|408
726|1|D95WQ64G2|153
727|1|D9AGHBM13|199
728|1|D9Y8GMTT4|23
729|1|DB88K66V8|59
730|1|DC29G3Y66|201
731|1|DCAA3NTX1|50
732|1|DCXTK2ZS6|87
733|1|DCZ1RA4M7|347
734|1|DFKAGWGW5|247
735|1|DFPGGRX25|1386
736|1|DGYVBMBJ3|61
737|1|DH86BB7U9|201
738|1|DJ9FA6S33|201
739|1|DJJR9WND4|34
740|1|DJKKPTQU5|94
741|1|DJPFBJ5F4|457
742|1|DK7VQUZH8|45
743|1|DMXV9Q974|515
744|1|DN7AJV5Z7|253
745|1|DN7QB67D2|33
746|1|DNV7SLD80|94
747|1|DPNF9M345|170
748|1|DS5LKUMA0|31
749|1|DSAFQ64F3|1369
750|1|DSDHS8G75|84
751|1|DSTXF5VL5|480
752|1|DT6UJQ5K5|199
753|1|DTLUL1JW9|233
754|1|DU59YCCY6|24
755|1|DUT2XNLR7|37
756|1|DW3GTJ170|2164
757|1|DWV9J7NP8|471
758|1|DXSN13SQ0|65
759|1|DXTGDZV52|260
760|1|DXTV7AWK7|309
761|1|DYLT6GKH6|442
762|1|DYU5HUBW2|507
763|1|DYUYWRFB1|112
764|1|F1KJWN889|1740
765|1|F23PXU2R9|237
766|1|F2FXR69C5|24
767|1|F2RBNP924|173
768|1|F348S7K18|41
769|1|F39HPV3K0|42
770|1|F3J8TJXC7|402
771|1|F4QH65Z71|120
772|1|F5M9T12R6|246
773|1|F5ZW21DP2|110
774|1|F64N8KTF1|21
775|1|F72JT6ZB0|26
776|1|F7BDNXX55|135
777|1|F7Q28M662|93
778|1|F7R56D9K2|238
779|1|F7ZLFK6B5|230
780|1|F8J7DYXY4|339
781|1|FAG4R8K90|503
782|1|FAGY55MQ4|1740
783|1|FB146BG79|415
784|1|FBNRW6NJ2|39
785|1|FC197DW32|1243
786|1|FCFP22AU4|199
787|1|FCG3NNBV0|121
788|1|FCLJ6CTY7|80
789|1|FDMWDPCP5|73
790|1|FFJQ1JG70|340
791|1|FFXA9JT51|16
792|1|FGLSDA2W7|2275
793|1|FGYY1QCT4|31
794|1|FH8TWGAM7|33
795|1|FHMGH4KN0|102
796|1|FJ25NWZY3|33
797|1|FLCJYRXR3|189
798|1|FLXD5DU73|161
799|1|FLXJDUUP3|174
800|1|FM2K599C1|261
801|1|FML64Q1Z1|270
802|1|FMXPFX9K4|817
803|1|FMY388AY3|101
804|1|FN87MV9Q3|41
805|1|FNC39KQA2|121
806|1|FQG491UP3|502
807|1|FQUQJ26M9|44
808|1|FQYGQLLC2|78
809|1|FRWC97S91|52
810|1|FS684YQ38|96
811|1|FSXRHJAZ1|130
812|1|FSYKWFDF7|37
813|1|FVKXJ69V2|35
814|1|FVUTCX7P3|53
815|1|FVUXNC851|76
816|1|FWHLC7FG1|266
817|1|FWVC7APY4|1693
818|1|FWVHGRQF6|51
819|1|FX5MVCP69|59
820|1|FX9HJ33S6|31
821|1|FXFBNDLW6|218
822|1|FZCJHK852|695
823|1|G1TSHR5R8|200
824|1|G2UW75PJ0|296
825|1|G2V5R1QG0|501
826|1|G2VZ4XSW2|721
827|1|G3D6HSJH4|483
828|1|G4A9GSML7|253
829|1|G4QFLU112|31
830|1|G5HBRPPB5|31
831|1|G5SBVVMM4|101
832|1|G6DZLQTX6|477
833|1|G6JB6P6N9|63
834|1|G6SSFU3F1|181
835|1|G76WRLH82|131
836|1|G99XR2MM8|856
837|1|G9JQP1G27|471
838|1|G9QCCZ1Z2|469
839|1|GAH63PPG0|14
840|1|GAVWM51V3|1519
841|1|GBSAFP2Z7|424
842|1|GDMUUBDH7|29
843|1|GDRAPQSP5|20
844|1|GFDRZ72T9|207
845|1|GFPMUXZM4|798
846|1|GFPS4D133|111
847|1|GGFRF6L43|125
848|1|GGQ6PBGW9|28
849|1|GGQAXSHC7|40
850|1|GH4AZ3VQ5|396
851|1|GH7XX78Z1|200
852|1|GJJWP3QY7|402
853|1|GK6Y68YP4|1049
854|1|GK7BYL138|167
855|1|GKG4WJUJ4|502
856|1|GKMSMHFG2|50
857|1|GLDQLN3D2|57
858|1|GLS3NFAH5|579
859|1|GM6X3NS95|305
860|1|GMF55LK70|506
861|1|GMPQP6GG9|357
862|1|GMPZ72HD4|106
863|1|GNS2KU431|1051
864|1|GPK92USY5|31
865|1|GQB67QG91|207
866|1|GRHANKDR2|32
867|1|GRMR69VU6|51
868|1|GS1R7M965|103
869|1|GS5C5QNG9|179
870|1|GU4CDSC58|32
871|1|GU4S73DK1|66
872|1|GUK6UZTX9|200
873|1|GUN4NN587|101
874|1|GUTHUQQ84|41
875|1|GVL179B51|70
876|1|GWM4WPUX6|329
877|1|GWN7UGYA6|69
878|1|GWWDKRU55|72
879|1|GWWP3MV32|602
880|1|GX925F364|598
881|1|GXPVLNJY9|51
882|1|GXTS2MY69|51
883|1|GXXHFWCA7|295
884|1|GZ8LG7UR8|208
885|1|GZJGAYSK2|43
886|1|H1K5DT9A9|76
887|1|H1Y5G4NN2|425
888|1|H2Z4W45Y0|198
889|1|H3NQG1GK4|338
890|1|H3WW6ABD3|382
891|1|H426FLT14|1398
892|1|H42M26U22|1501
893|1|H4GM3J7D0|198
894|1|H4KJW5JQ8|100
895|1|H4XVM9UQ7|1718
896|1|H58K2NVB9|86
897|1|H5SFKYNW7|91
898|1|H6JTP39B0|51
899|1|H6KN2ZBS5|55
900|1|H6TTT97M0|953
901|1|H6U7LL911|211
902|1|H7UWPDRS9|441
903|1|H8D3JVKW5|269
904|1|HAGKNANS6|130
905|1|HAVKPN245|330
906|1|HCL4PJV11|99
907|1|HCUADTQV8|225
908|1|HCYLP46H5|610
909|1|HDD1B1LV3|101
910|1|HGH2AHR81|501
911|1|HGRHKNN12|38
912|1|HGRMU3NH9|34
913|1|HH4YK7YH6|57
914|1|HHSAWX584|51
915|1|HJAHSCYC4|705
916|1|HK3DX8MP5|34
917|1|HKV3CJ8P1|99
918|1|HLCYVU280|41
919|1|HLSYX5FL3|45
920|1|HMPTC9HR5|101
921|1|HNHJX28H8|50
922|1|HNRQNB4B9|329
923|1|HNVZWMKY2|101
924|1|HPPS9PAB0|56
925|1|HQB8WTHK6|26
926|1|HRDGK14Q9|78
927|1|HRDLTG569|251
928|1|HRGQTLG47|87
929|1|HRMPLXWN4|35
930|1|HRNWT61H6|31
931|1|HRP22M1Y7|32
932|1|HSA95V784|102
933|1|HSPR5FJQ0|100
934|1|HT7WZWBU6|98
935|1|HTS3236B5|1810
936|1|HTZFCFYR6|237
937|1|HTZU5S157|16
938|1|HUDV1CD45|2285
939|1|HVQD5NU26|275
940|1|HWM7LSW79|755
941|1|HXDY5KMY5|50
942|1|HXKDHL3P8|41
943|1|HXP4VUHT4|160
944|1|HXTF54YF3|37
945|1|HYM6J6PT8|22
946|1|HZC5TZ8U9|1279
947|1|J19NLADB6|2164
948|1|J1K3UGA43|503
949|1|J1LB1PDY7|50
950|1|J1LGA4FF2|158
951|1|J2RZJ9FA3|603
952|1|J35B8DRA8|37
953|1|J3PH9LKT0|2
954|1|J3X8D9DM6|28
955|1|J478JGBW1|41
956|1|J4B98VSL9|2285
957|1|J4QR8G424|575
958|1|J57TBUU65|225
959|1|J5MTD67J7|73
960|1|J5NC97913|398
961|1|J6YG9JRG1|120
962|1|J73RJU734|163
963|1|J7BCD31F3|99
964|1|J7GTR3H51|1601
965|1|J7LK4BW96|294
966|1|J7QUCNBW6|99
967|1|J8JLRQ399|31
968|1|J8MT37FJ1|378
969|1|J8SSGYY46|24
970|1|JA7GM4U76|31
971|1|JAHR96TF5|30
972|1|JAHVJMTW3|959
973|1|JB1C8ML26|26
974|1|JB53MVZ62|2284
975|1|JBJKMGAN2|76
976|1|JCLWJ3Y99|305
977|1|JCUNMST39|41
978|1|JD3KU6MZ8|49
979|1|JD8PHD623|2285
980|1|JF57LC7N1|226
981|1|JFK7MPLZ1|114
982|1|JFTY7ZJB4|51
983|1|JGYTAPG85|1387
984|1|JH15SBLK0|451
985|1|JHD7YLVM9|570
986|1|JHN8M5RC1|47
987|1|JHRZTQ546|20
988|1|JJ5M2QH25|51
989|1|JJFZZ7GR7|41
990|1|JJUM87TP9|57
991|1|JK1ARSG71|51
992|1|JL4VUN7P7|161
993|1|JL5UHZAL1|101
994|1|JLCXAH324|101
995|1|JLF5HQ6W6|60
996|1|JLK684ML3|48
997|1|JM2HVDCN8|377
998|1|JMA19H656|2164
999|1|JMFYUYQ49|30
1000|1|JNJARMBR0|1367
1001|1|JNS2VA6K0|16
1002|1|JNZZ2Q1G0|42
1003|1|JP22ZH4U4|37
1004|1|JP9A2DWS8|2
1005|1|JPPA3RA45|94
1006|1|JQ2MTVM42|672
1007|1|JQ7ZZY643|226
1008|1|JQGMV6ZG8|53
1009|1|JS2GGUD88|87
1010|1|JSAN74938|51
1011|1|JSKNUP4U9|78
1012|1|JSPF27JL6|72
1013|1|JTCF7QV78|161
1014|1|JTRW7A6P8|102
1015|1|JTV7T8KD0|52
1016|1|JV38RHQ24|101
1017|1|JVABJZGJ2|101
1018|1|JVBKR7LC3|101
1019|1|JVGLGN127|374
1020|1|JVLZZCH59|151
1021|1|JVQS6WVW3|1088
1022|1|JVY4J9PA9|84
1023|1|JVYX3WS42|1456
1024|1|JVZ7G2SP3|56
1025|1|JWCD3H3L0|175
1026|1|JXFQZ4R75|638
1027|1|JXPH3TL13|40
1028|1|JYLQB8PL4|1779
1029|1|JYZ22CZL2|675
1030|1|JZD23QCX0|42
1031|1|JZDLYRFF8|121
1032|1|JZNSQ1A97|26
1033|1|K1FUXLYP0|178
1034|1|K1L9GBFS6|46
1035|1|K2H336JA2|97
1036|1|K39UG88P0|100
1037|1|K3SN1RXV8|187
1038|1|K4F9RM560|500
1039|1|K4YQANZM9|31
1040|1|K4ZNZ13J8|194
1041|1|K57RSHUZ4|2
1042|1|K58YYQYU8|227
1043|1|K5CZQ5DJ3|541
1044|1|K5JF7VVM7|273
1045|1|K5N6FF9C5|59
1046|1|K5RJ1CN39|51
1047|1|K5WBBF5L2|1878
1048|1|K5WMPL654|101
1049|1|K6227AN88|293
1050|1|K69TAZH23|100
1051|1|K6Q7YWWF7|47
1052|1|K7C57N4P3|1400
1053|1|K7LWBAYH2|28
1054|1|K8WG9WD24|526
1055|1|K9AGB7SD8|363
1056|1|K9B178TW0|51
1057|1|K9QBXD4W9|102
1058|1|KAC964C56|194
1059|1|KAHPPUU80|96
1060|1|KBDHAPWS1|121
1061|1|KCV1P1UX2|175
1062|1|KCY7ZK768|199
1063|1|KDBPZ4JN7|102
1064|1|KDX37JGZ6|503
1065|1|KF56118G1|2
1066|1|KF6D78CA2|186
1067|1|KFFKXJ859|21
1068|1|KFFUGD933|200
1069|1|KFKLNXNU9|59
1070|1|KFNX8W1K5|82
1071|1|KFTRKXK25|37
1072|1|KFU1X3KM8|102
1073|1|KG7SFJX10|37
1074|1|KGMN7F9W0|990
1075|1|KHJAKUBY5|15
1076|1|KJTVJDSJ9|263
1077|1|KK7VKR5V5|230
1078|1|KKN1PSKA5|256
1079|1|KLF3XC7Q4|49
1080|1|KMAWK7A84|84
1081|1|KNSFWK8D0|76
1082|1|KNVN82LN9|134
1083|1|KP947MX47|501
1084|1|KPTJSPSK2|1268
1085|1|KQ2L8JMX8|101
1086|1|KQC8PWNK5|197
1087|1|KQGZWG2A3|116
1088|1|KQLBHDF10|39
1089|1|KQR5TFXJ0|72
1090|1|KQRG5LY33|241
1091|1|KQUSRKAT0|363
1092|1|KRK2FXPC2|34
1093|1|KSFQTBRF7|38
1094|1|KSLADT7M0|126
1095|1|KU59T8KB4|119
1096|1|KV6DHP342|106
1097|1|KV73N5530|222
1098|1|KVBJ5VM67|118
1099|1|KW8ASQPQ7|57
1100|1|KWC78Q3X0|349
1101|1|KYVXDYPM5|41
1102|1|KYYZH21D9|503
1103|1|KZ9NXF219|200
1104|1|KZCLR2CB2|101
1105|1|KZNL1YAZ7|29
1106|1|KZNVD4BK0|33
1107|1|L24CX6A37|30
1108|1|L2C51V4W6|607
1109|1|L3JDR53U4|206
1110|1|L42Q1RXT1|20
1111|1|L53TR6GL5|21
1112|1|L54HVNJK7|38
1113|1|L58XDCZN8|69
1114|1|L5S91NRQ0|50
1115|1|L65R18366|43
1116|1|L69MH7HD8|138
1117|1|L6YHD9TK2|39
1118|1|L9735XFH5|201
1119|1|L9Z5DJ3W1|31
1120|1|LA4ADCK23|101
1121|1|LB9K9CJC9|108
1122|1|LB9YVYKD2|1525
1123|1|LCV8MKWP2|20
1124|1|LCZ499B96|24
1125|1|LF17YPV28|24
1126|1|LF6BMWD48|88
1127|1|LFPP96562|36
1128|1|LFQCDN758|565
1129|1|LG358RGN4|101
1130|1|LGVWMT712|484
1131|1|LHHV76BC6|65
1132|1|LJQW5FH10|26
1133|1|LKHDHZ3X7|12
1134|1|LKHPV54H4|470
1135|1|LKWKN1HC3|160
1136|1|LL1QMVXJ4|1516
1137|1|LM6YHVWU2|62
1138|1|LMM4MXA91|30
1139|1|LNKWD2M78|101
1140|1|LNSNV3A55|46
1141|1|LNWJHSQR5|57
1142|1|LNX3CTS82|499
1143|1|LPXHXS820|39
1144|1|LQ3RVDSL0|48
1145|1|LQM3HPJN7|55
1146|1|LQMSN5LM8|163
1147|1|LQZKH8V41|1133
1148|1|LRTAVALH9|79
1149|1|LSF9FPQU6|105
1150|1|LT4DVN2X4|508
1151|1|LTM36QRN2|200
1152|1|LUDTRHHD2|41
1153|1|LUTYVJVU1|81
1154|1|LUY4VDAZ6|584
1155|1|LW4CRDAA7|34
1156|1|LWJJVFPR3|39
1157|1|LXL6MM9D0|153
1158|1|LXQ33LPM7|81
1159|1|LXTXRA472|35
1160|1|LYC4LRXB0|384
1161|1|LYUX69MJ8|75
1162|1|LZ163X621|60
1163|1|LZJHR6X47|967
1164|1|LZSDXLS18|201
1165|1|LZSTQWTF5|16
1166|1|LZWYQS8L8|1751
1167|1|M1QR3TYY0|363
1168|1|M2WDLDZA8|83
1169|1|M3FFC5TB2|432
1170|1|M4B7YZVV5|23
1171|1|M4RD429A2|102
1172|1|M4VK3WQG4|92
1173|1|M61SYWPS6|38
1174|1|M6AT43N20|101
1175|1|M6FY3Y378|31
1176|1|M7DQV3D55|66
1177|1|M7HLV4NV2|356
1178|1|M7RBYTHP5|44
1179|1|M8SBDSZZ5|25
1180|1|M8XLBFKJ9|21
1181|1|M9FWYQAL0|51
1182|1|M9G7AVB53|2
1183|1|M9KJWTPV1|57
1184|1|M9UCY9N23|52
1185|1|MAN5BBCF6|296
1186|1|MAWGB28R1|52
1187|1|MBA2L2LP2|1869
1188|1|MBTTTXCS1|31
1189|1|MD8N7J9B9|78
1190|1|MDMQDSKD2|1249
1191|1|MFDWWT894|518
1192|1|MFY77F381|29
1193|1|MGCCBGGP3|47
1194|1|MHCJCJWK2|976
1195|1|MHF13N2B2|1255
1196|1|MHNS7AW58|45
1197|1|MJUZKXXZ8|81
1198|1|MKCB77Q21|31
1199|1|MKCMKCQM7|2
1200|1|MKRT6T1J9|1438
1201|1|MKSMLQ3Y7|668
1202|1|MLKKKURW7|71
1203|1|MMGST9VG1|51
1204|1|MMR82FS80|31
1205|1|MP1HNV687|1510
1206|1|MP62G1NT4|23
1207|1|MP6MB2QA1|319
1208|1|MPK4N9XV3|1367
1209|1|MQBB5AMR3|330
1210|1|MQVMFXGQ5|30
1211|1|MS9XM2A13|402
1212|1|MSBFB5FT8|331
1213|1|MSL6FU9M0|238
1214|1|MTSDTGBG2|690
1215|1|MU9RFR3J3|504
1216|1|MUA1SW437|2
1217|1|MUP7FADZ9|75
1218|1|MUQ1U7HF1|2296
1219|1|MVL64VHM4|466
1220|1|MWD71T8X3|90
1221|1|MWNN9Y5Q6|101
1222|1|MXKANC7S1|80
1223|1|MXYM1UMP3|564
1224|1|MY3GPK292|43
1225|1|MYGJVTBB1|1293
1226|1|MYN2BAWT1|579
1227|1|MZ8RCU177|541
1228|1|MZT1PFV69|24
1229|1|N27BUKPH9|233
1230|1|N28UKNU93|508
1231|1|N2HLPBP33|24
1232|1|N3FJ28UM2|502
1233|1|N3PU1YQX1|102
1234|1|N475P8GZ1|26
1235|1|N4H1JZDT3|445
1236|1|N4L7VHS24|77
1237|1|N4QWX4930|420
1238|1|N5HLCCW30|569
1239|1|N61BM8P66|12
1240|1|N6AM9AND9|639
1241|1|N6L2JGK65|45
1242|1|N6Q7JAZB5|112
1243|1|N7W19C156|2121
1244|1|N7ZVX2FR9|51
1245|1|N8CY4AQT4|1249
1246|1|N8KGKUA93|521
1247|1|N9LL98U24|126
1248|1|N9QFWY8N8|50
1249|1|N9U74HND4|204
1250|1|NB4S332Y1|602
1251|1|NBDZWV2K1|34
1252|1|NCM89H4D0|602
1253|1|ND4FNAUZ3|37
1254|1|ND4KWRVG6|115
1255|1|NDJ1WB6X8|455
1256|1|NDNB5MNK6|842
1257|1|NFDZLW9K5|192
1258|1|NFXRUS2N1|40
1259|1|NHSRCDBN6|1519
1260|1|NHTFHVDM6|9597
1261|1|NHXA5KU73|51
1262|1|NJACBU496|95
1263|1|NJAS555P6|544
1264|1|NJGVTBPR8|649
1265|1|NKMV5GN46|17
1266|1|NM26ALGF5|338
1267|1|NM2L3WHU2|1525
1268|1|NMBF5CG12|50
1269|1|NMH99PY58|169
1270|1|NN43LN317|504
1271|1|NNC52GXD0|55
1272|1|NNHKL7DH4|2
1273|1|NNJNHZHV4|101
1274|1|NP1Z598X8|313
1275|1|NPFG4ULD8|51
1276|1|NPKRD5210|2209
1277|1|NQBDUDP18|109
1278|1|NQV639G44|120
1279|1|NQVABQGL0|1525
1280|1|NRDVZHB49|74
1281|1|NSQURCT38|48
1282|1|NSUQD37P2|251
1283|1|NT7SLBHR0|997
1284|1|NT86CNK55|788
1285|1|NU1XRQ9J0|439
1286|1|NUK9CZ1L1|56
1287|1|NUP1LJFB6|92
1288|1|NVYLK3UW3|457
1289|1|NW8UCVUH0|103
1290|1|NWDPJ7BM1|238
1291|1|NX1HU5GH7|1805
1292|1|NX9TTVBT7|77
1293|1|NXG2RHWB7|250
1294|1|NXYDCSND1|102
1295|1|NYBGL1XG8|972
1296|1|NYBVCBYV9|144
1297|1|NYGHAGC57|31
1298|1|NZK7ZF265|93
1299|1|NZSLASUL1|121
1300|1|P17DS1AC7|592
1301|1|P1BA7ZQL9|25
1302|1|P2HYQLQX3|157
1303|1|P2N8YW6K0|49
1304|1|P2S4MLM56|98
1305|1|P35LM5XM7|351
1306|1|P3PSGMRR6|305
1307|1|P3TXGH6W4|41
1308|1|P3YBZ7NZ1|43
1309|1|P5VZSM8C9|229
1310|1|P668MD7Y4|45
1311|1|P782G9TQ2|42
1312|1|P7CGZ19T8|100
1313|1|P7VTMA1V6|376
1314|1|P88VTKAX2|448
1315|1|P899LVCB0|231
1316|1|P8DKV5TY8|93
1317|1|P931YX3Q0|140
1318|1|P9PZKA824|101
1319|1|PA8QGJ420|31
1320|1|PB62YD830|480
1321|1|PBFCY44D0|1373
1322|1|PBKP7DL12|43
1323|1|PBPJV3ZM5|101
1324|1|PC2M2C9P5|1523
1325|1|PC2ZUPB32|299
1326|1|PCVS7R2G9|51
1327|1|PFQRRCBG1|2
1328|1|PFTF14MU7|406
1329|1|PG3NUWMF5|82
1330|1|PH4N9W4R0|46
1331|1|PH9W7JP93|454
1332|1|PHT7UTFB4|367
1333|1|PJ6PUCRT0|35
1334|1|PJAZ3P7F6|2134
1335|1|PJYHK3D97|397
1336|1|PKSJG15L8|126
1337|1|PL28823A1|331
1338|1|PMBT6MHV0|1373
1339|1|PMH3FWYH1|85
1340|1|PMHBYSZF4|102
1341|1|PMQL1QSC7|388
1342|1|PMZ19VP50|44
1343|1|PMZF36QK6|394
1344|1|PNT6G8FX7|168
1345|1|PPAJ3J6Z9|291
1346|1|PQ7RAYAK0|589
1347|1|PQN5YVQX5|134
1348|1|PQQU8N1A1|300
1349|1|PR133DZW8|89
1350|1|PRWWJK328|50
1351|1|PS22JDJ73|80
1352|1|PS7AG22R1|102
1353|1|PSQ89ZSD3|64
1354|1|PSQN3ATT5|412
1355|1|PSU91F733|27
1356|1|PT442W592|112
1357|1|PT7QZZJK7|125
1358|1|PTJDGCK64|110
1359|1|PTSQG3FH7|208
1360|1|PU1LU79S2|38
1361|1|PUAGPY7L7|84
1362|1|PUPXPJK24|1429
1363|1|PUXF9BBX1|601
1364|1|PUYNGKGS1|241
1365|1|PVLGSHLN7|99
1366|1|PVUSS7GY5|101
1367|1|PVV6KJJC9|27
1368|1|PWDHPFBY6|51
1369|1|PWJCB4SK3|142
1370|1|PWMZ985U5|234
1371|1|PWWFJD2M7|75
1372|1|PWWUAQ418|102
1373|1|PX1G8THA4|625
1374|1|PXQLPRUD0|95
1375|1|PZN8H5DS0|240
1376|1|PZXHAXDC0|22
1377|1|Q1YGRWWP9|116
1378|1|Q2MNJJ5V0|125
1379|1|Q2N2AU796|289
1380|1|Q2RP8XLK7|36
1381|1|Q314J3HB9|50
1382|1|Q31JADJR6|41
1383|1|Q3558HX17|124
1384|1|Q35TKPZC7|1543
1385|1|Q3FTPVXN6|101
1386|1|Q3U9PG945|31
1387|1|Q3XGZYMC3|126
1388|1|Q3Y12QP84|196
1389|1|Q47VXGM20|57
1390|1|Q4MBX1XJ1|2
1391|1|Q4W2Q2V82|284
1392|1|Q5J19FZL3|301
1393|1|Q5NFT6GP7|309
1394|1|Q5SLT1WU1|21
1395|1|Q6AWWXRF9|32
1396|1|Q6FSKN612|14
1397|1|Q6KDHRKA8|39
1398|1|Q6TURWG30|213
1399|1|Q6U8K7HH7|626
1400|1|Q7MZX97V6|95
1401|1|Q85BKJYX4|23
1402|1|Q9KNQNT85|214
1403|1|Q9UWKFSU9|60
1404|1|QARQZKUZ2|81
1405|1|QAVVZFA55|80
1406|1|QB24X2UP0|37
1407|1|QBXJRLVT9|23
1408|1|QBXXJWX79|374
1409|1|QC2KH1AH2|128
1410|1|QC6QGVRN9|46
1411|1|QCC7XDB44|68
1412|1|QCRPWYNL2|31
1413|1|QCVFA82Q2|67
1414|1|QDP6P9T31|657
1415|1|QDW57BK39|326
1416|1|QFQ11KAA1|21
1417|1|QG8B5G4W1|40
1418|1|QGC6T5KH0|41
1419|1|QGCH5AL23|70
1420|1|QGRNSQVY3|372
1421|1|QHKF5SMB6|101
1422|1|QJ2RT2CD4|52
1423|1|QJR3NCMP6|105
1424|1|QJYL86FK7|734
1425|1|QKC6H6SH4|90
1426|1|QKSASY6A4|46
1427|1|QLFX65GJ3|1508
1428|1|QMUXZ4995|486
1429|1|QMVBSFAP7|451
1430|1|QMYYQJPY3|124
1431|1|QMZN1QSA6|1396
1432|1|QN8K84M75|1386
1433|1|QN9N5WQL4|84
1434|1|QNSUJRG67|95
1435|1|QNTNXNJM7|41
1436|1|QPA2QV6D2|156
1437|1|QPTKFUXK0|71
1438|1|QQM1GRNC2|2
1439|1|QR5RCYJC6|405
1440|1|QR9M1NXY5|20
1441|1|QR9WCTYJ0|1068
1442|1|QRNP7X814|2477
1443|1|QS2DRCLF0|33
1444|1|QSGUD9ZT4|99
1445|1|QTWTVLWG1|60
1446|1|QUPR1GKS1|89
1447|1|QUYGMSH43|51
1448|1|QVQQGG338|31
1449|1|QW2NWN955|51
1450|1|QWDA1CCP1|371
1451|1|QWSRZXQ54|74
1452|1|QWX2985S0|399
1453|1|QX72DF424|58
1454|1|QXQ8S8UN5|104
1455|1|QXR365X36|31
1456|1|QY7GYCKV3|42
1457|1|QYQYPCB19|98
1458|1|QYRS8ZDU3|95
1459|1|QYVNQYU25|51
1460|1|QZABWS9C9|504
1461|1|QZJFQ91U8|36
1462|1|QZJUHL385|36
1463|1|R17196BF3|41
1464|1|R1RBD3618|200
1465|1|R2D8MTD96|98
1466|1|R2NFC3943|33
1467|1|R2WL935B2|33
1468|1|R4M58YY82|798
1469|1|R4VVV9VL8|31
1470|1|R5N4PYGK5|52
1471|1|R6AQ8VS53|194
1472|1|R6BDDBU49|2
1473|1|R6Q68G3M3|55
1474|1|R6UGHRK84|1761
1475|1|R74GMXHJ2|103
1476|1|R7MNZS847|142
1477|1|R7NHDPAK0|114
1478|1|R8P6HHTA6|101
1479|1|RANRMLKH6|62
1480|1|RAZZDXS40|13
1481|1|RB9KXJPC4|170
1482|1|RBANVASR1|74
1483|1|RBQDCS551|3072
1484|1|RBTZHLJT2|53
1485|1|RCB7PQ913|617
1486|1|RD9XN8JC4|163
1487|1|RDJKHHBQ5|60
1488|1|RFBAVK337|592
1489|1|RFKJXGV18|100
1490|1|RG84HD5M1|111
1491|1|RG8TMV7L0|20
1492|1|RGMLGYH31|716
1493|1|RGRVR8XQ0|2463
1494|1|RH1VVFVZ7|161
1495|1|RH4XXJ7S3|2
1496|1|RHK389ML9|57
1497|1|RJ2AFDBT7|111
1498|1|RJZ2QLJ87|3007
1499|1|RKCNYLV64|17
1500|1|RL1UR74C4|51
1501|1|RL2JVP6B3|51
1502|1|RLA5QWZP2|1376
1503|1|RLXDNG5L0|229
1504|1|RM6Z622U2|255
1505|1|RM833U679|39
1506|1|RMRDR3X96|17
1507|1|RN5FLQA85|453
1508|1|RN8MX7NH2|317
1509|1|RPFYQZR69|602
1510|1|RQ8R42GK8|201
1511|1|RQGY5Z8H6|15
1512|1|RR5JQWK30|40
1513|1|RRJZQGVK4|64
1514|1|RRP9YSB63|244
1515|1|RRYA3Y9G2|556
1516|1|RS2C61M83|982
1517|1|RSGHGT121|71
1518|1|RSRCBJXV8|442
1519|1|RSYQNWR93|42
1520|1|RTWGY3WQ3|2627
1521|1|RUA3748N5|26
1522|1|RUY8YQHU3|1397
1523|1|RUYY46KT2|506
1524|1|RVR2PF5A3|78
1525|1|RW4DDKGA2|50
1526|1|RW5HBBKP6|51
1527|1|RWNPQ6A90|506
1528|1|RWNTYMAR8|41
1529|1|RX66F62F6|98
1530|1|RXGG381N6|199
1531|1|RYCCYJ4N6|31
1532|1|RYN4KU1Z8|51
1533|1|RZ1ZBQDV5|201
1534|1|RZ65BKV15|202
1535|1|RZDCDHMY5|11
1536|1|RZKMB56H8|108
1537|1|S1GDXZ919|23
1538|1|S1LQ79QN4|517
1539|1|S1VQBGNX3|586
1540|1|S1YSDJZQ0|381
1541|1|S2CWQADJ8|34
1542|1|S2NSL2BB7|101
1543|1|S2T2UBSY0|185
1544|1|S3TW6MA65|114
1545|1|S3XWX1QV4|80
1546|1|S3YVLCTS8|81
1547|1|S4WCBPY98|226
1548|1|S5SMWSYX6|610
1549|1|S62WKUY59|80
1550|1|S6L3XPPR1|241
1551|1|S6L874Q79|120
1552|1|S7CVARF40|42
1553|1|S8KJTBFG4|2386
1554|1|S93KL38H0|102
1555|1|SACU6HNH4|503
1556|1|SAJ4FT449|758
1557|1|SAT4KZ2D0|107
1558|1|SBAAXTSZ7|30
1559|1|SBL6TKQT4|231
1560|1|SBQH2V6F2|95
1561|1|SD4WP51L3|36
1562|1|SDT3FR9S0|22
1563|1|SDTSL7BR1|714
1564|1|SFQ25ACD7|757
1565|1|SFZATCBM0|49
1566|1|SGHNFN3P3|602
1567|1|SGRA45WN4|402
1568|1|SJGY1UTX8|2041
1569|1|SJH3A9UD4|1256
1570|1|SJZYTLMY2|44
1571|1|SLA8F11Y3|24
1572|1|SLFJPAHL4|457
1573|1|SLQJTHFV3|677
1574|1|SM7R6B6G5|24
1575|1|SMHM23495|31
1576|1|SMRSSBZ42|177
1577|1|SP2AWNF26|50
1578|1|SPQHP8P82|114
1579|1|SQD42FYG4|31
1580|1|SQRMCP719|230
1581|1|SQWR1VR35|98
1582|1|SRDXDQGP2|201
1583|1|SRF2P5H54|233
1584|1|SS7PSS725|200
1585|1|SSG6CKZX2|63
1586|1|STDC9C7D7|1630
1587|1|STDHJT7V8|1799
1588|1|SV7NNJFF0|94
1589|1|SVBXWTW21|229
1590|1|SVMY1ZUB9|104
1591|1|SW55DUKX0|68
1592|1|SX1YUYN35|1306
1593|1|SX69493Q0|25
1594|1|SX6NWL548|425
1595|1|SY824VPU9|26
1596|1|SYMWWS2Q7|40
1597|1|SZ1CWBD60|302
1598|1|T1BGWNVM3|300
1599|1|T3ASHVLV4|1914
1600|1|T3AWSAMB2|991
1601|1|T3UT9MDW6|35
1602|1|T4V7UKVQ4|31
1603|1|T552W1TW1|100
1604|1|T59C5B9J4|407
1605|1|T5J53A3Y5|43
1606|1|T5JP525U3|30
1607|1|T62KNBYD6|64
1608|1|T679J8G22|493
1609|1|T6BFJ3W75|1155
1610|1|T7W5CP6Z7|28
1611|1|T8KB59G62|103
1612|1|T8L19RJ58|31
1613|1|T8XT4USN3|915
1614|1|TA8W56936|402
1615|1|TB2J8SYZ9|50
1616|1|TBQFHJ781|121
1617|1|TC8AZTZT1|51
1618|1|TCCBR8FH7|38
1619|1|TCCGZPFY2|140
1620|1|TCWHSF8Z3|538
1621|1|TF2H4K7C6|188
1622|1|TF6SCUNZ8|1003
1623|1|TFFKATHF1|105
1624|1|TFG3CKKA2|71
1625|1|TFYYVVBV3|77
1626|1|TG8URM9P9|101
1627|1|TH13L9VN9|101
1628|1|THKTHHRN3|201
1629|1|TJBZZJFJ3|41
1630|1|TJRRHYSX6|164
1631|1|TJV7CC646|500
1632|1|TKCQ3BX93|1017
1633|1|TL6ACPNK8|503
1634|1|TM847L8A2|113
1635|1|TMMUR1LQ0|50
1636|1|TN1QHWYL0|125
1637|1|TN9W86UF3|71
1638|1|TPQ2ALNN0|99
1639|1|TPYWC2LU1|51
1640|1|TQ46MC2G8|464
1641|1|TQ8S7TJN3|300
1642|1|TQWD4CRB6|31
1643|1|TRXWM4AJ0|42
1644|1|TSQYUPYX9|26
1645|1|TT9F81TZ6|274
1646|1|TTDL7W959|462
1647|1|TTDQHB9M6|56
1648|1|TTDURSA39|56
1649|1|TTSMLVKL9|725
1650|1|TV3QM7218|21
1651|1|TVMWGNV55|1811
1652|1|TX7AGQ7W7|70
1653|1|TXMRR1QB1|20
1654|1|TYMGK4246|298
1655|1|TYVWT8XW7|172
1656|1|TYWALKZA1|38
1657|1|TZ1LUVFX6|810
1658|1|TZALZ2D74|864
1659|1|TZTTBW4T9|27
1660|1|TZYJ7SMG7|99
1661|1|U13P7N2M0|510
1662|1|U1MKQXV60|1157
1663|1|U1QMT16Y6|447
1664|1|U1VAUMPZ4|10
1665|1|U24821JW8|41
1666|1|U36UGK7G6|133
1667|1|U3AKUTML0|140
1668|1|U3B4QUP34|48
1669|1|U3Q1UCY21|13
1670|1|U3TNSHBB7|62
1671|1|U4SHZGM54|992
1672|1|U4VFT3XG4|31
1673|1|U514UQFH4|51
1674|1|U5FF86UD5|1772
1675|1|U5KAQ68M5|20
1676|1|U6GP72CN8|26
1677|1|U7K5YK3T2|195
1678|1|U7NRGYFD3|290
1679|1|U8TQU3CS9|330
1680|1|U8Y13CUD1|1107
1681|1|U9817KSP2|298
1682|1|U9R7LDJ94|841
1683|1|U9VXG9ZX6|102
1684|1|UA13G5G37|51
1685|1|UAN21JLF8|42
1686|1|UASR353G4|17
1687|1|UAXQGWM27|42
1688|1|UBB271X28|504
1689|1|UC48Q2LX3|202
1690|1|UC76HPX85|47
1691|1|UC8JYC2K3|28
1692|1|UC8P7T313|27
1693|1|UCHA31WC5|67
1694|1|UCMG2WBJ7|13
1695|1|UCMVPHCK8|18
1696|1|UCR2ZZQT2|42
1697|1|UDF7FY2W6|51
1698|1|UFV6X8YK3|75
1699|1|UG7YSC823|353
1700|1|UG96YLBW5|52
1701|1|UH1ZP9ZC2|160
1702|1|UHAL6VWM6|502
1703|1|UHL5QGTV4|189
1704|1|UHX98D116|941
1705|1|UJ11YAB85|89
1706|1|UJ33KFJJ1|97
1707|1|UJQR99QU7|117
1708|1|UJR52LS81|484
1709|1|UJVFAW7V3|1947
1710|1|UKNMTWWR5|51
1711|1|UKTBPTDD6|2318
1712|1|ULQ5ANGX2|101
1713|1|ULV4QDZJ4|100
1714|1|UM8GFKAJ4|1397
1715|1|UN1NXKZD0|42
1716|1|UN5DAUDJ2|868
1717|1|UNJGJ3PL3|565
1718|1|UNJVADQZ5|9
1719|1|UPQ994QD2|79
1720|1|UPUU2A6Y9|450
1721|1|UQSM5SC11|284
1722|1|UR5CZVMJ6|753
1723|1|URYDWTCU6|20
1724|1|USH65P5X8|51
1725|1|USRRP9366|51
1726|1|USUXZSFF3|131
1727|1|UTNKA45Q4|1163
1728|1|UTSUKDMB0|1382
1729|1|UU2UPLKM0|80
1730|1|UUGAP5W33|53
1731|1|UUL22FA73|51
1732|1|UUQRXASV8|698
1733|1|UVMKK5VD6|16
1734|1|UW1UXN9A3|33
1735|1|UX2TKBSZ7|2082
1736|1|UX3HPTUY8|51
1737|1|UXG9JX4G8|27
1738|1|UYMPHN3V5|31
1739|1|UYSCK8LW5|51
1740|1|UZQ1D9RH1|50
1741|1|V12T8CZZ0|652
1742|1|V2DLD6KD5|35
1743|1|V2P5WSGN1|84
1744|1|V2SC89TW8|132
1745|1|V3KYJMK61|74
1746|1|V3Q8SWZT4|560
1747|1|V3Z8X3Y30|35
1748|1|V4HG9XPP2|562
1749|1|V55T58XY5|2
1750|1|V58B5L7V7|141
1751|1|V5JYSP8V0|27
1752|1|V6Z7SV6G1|1853
1753|1|V6ZWXB8F4|56
1754|1|V752X6PL0|51
1755|1|V784Z91C1|127
1756|1|V7C9Z4GJ5|310
1757|1|V7CPSFHX0|14
1758|1|V8DJXYZS5|241
1759|1|V8K3R5HB9|81
1760|1|V8PSSRZC8|54
1761|1|V9MFMT4Y5|51
1762|1|VBAZMPXV1|81
1763|1|VBBDDZZ94|201
1764|1|VBLL59V47|45
1765|1|VBPSGT7C1|234
1766|1|VCHCS4XN2|31
1767|1|VCMP1FD94|1376
1768|1|VCWP5MBK1|92
1769|1|VDDVJG357|77
1770|1|VDKLDBKT7|41
1771|1|VF37CSBF6|24
1772|1|VF5RD3MB1|226
1773|1|VFGD16NB5|15
1774|1|VGHMZ26L1|1519
1775|1|VGWN1CKX5|2226
1776|1|VH2H5Q321|716
1777|1|VH5Y13G89|51
1778|1|VHA3ZXWD9|22
1779|1|VJAY6HD86|92
1780|1|VJHLWFZ62|85
1781|1|VJM719CU7|253
1782|1|VKJF8QHD8|102
1783|1|VKJUVAJF7|59
1784|1|VMHZCT8L3|43
1785|1|VMM6QALU2|156
1786|1|VMNK5YR50|1157
1787|1|VNA2MCWZ9|31
1788|1|VNDSZNB43|40
1789|1|VNX5G72T2|74
1790|1|VPB9RYGM2|226
1791|1|VPGZMUY91|822
1792|1|VQ35MLZT4|51
1793|1|VQJND1JX1|466
1794|1|VRF27KL29|1249
1795|1|VRU28VYD9|1181
1796|1|VRXP6ZBP6|49
1797|1|VRYWD7GJ3|55
1798|1|VS74G58G9|201
1799|1|VS7J8G9V7|45
1800|1|VTJM8SSA4|81
1801|1|VUG93TWW3|50
1802|1|VUV955A83|504
1803|1|VWFDMAN27|50
1804|1|VWJLXTZA1|364
1805|1|VWPLBLHW7|335
1806|1|VWTZVAYZ8|200
1807|1|VXB785QL4|30
1808|1|VXGHHG676|51
1809|1|VXVD3MJQ4|392
1810|1|VY8PZGV36|399
1811|1|VYZKV4D95|1087
1812|1|VZA7H7F95|34
1813|1|W1BGG2YJ7|1507
1814|1|W1RGHDBV3|80
1815|1|W1WAMQUZ5|120
1816|1|W1ZSH4867|54
1817|1|W2PND6KB1|37
1818|1|W2XPV1DQ3|184
1819|1|W3AGQ4P75|23
1820|1|W3G1HA5S4|95
1821|1|W3UX3GJ97|59
1822|1|W4CPBBAC6|51
1823|1|W6BTUU1J6|51
1824|1|W6G16BCS9|848
1825|1|W6M93YXA4|105
1826|1|W6YWPN6B8|507
1827|1|W78MGP424|506
1828|1|W7CCP7HT8|23
1829|1|W8647Z8K8|159
1830|1|W8Q5U1277|49
1831|1|W8WZ3MSR6|54
1832|1|W97MQQTR6|19
1833|1|WA8VPLBZ5|1376
1834|1|WANVQWRB9|31
1835|1|WATQV88G1|1525
1836|1|WB1XX61D0|99
1837|1|WC8L344N0|270
1838|1|WCCFQTK83|1387
1839|1|WCRN6HUS3|237
1840|1|WDA3KUPU9|95
1841|1|WDNVDXYB7|873
1842|1|WDTZ35HD9|73
1843|1|WDYDLVYH7|18
1844|1|WFGWAVQN8|185
1845|1|WFUXPV135|267
1846|1|WG983BDZ6|50
1847|1|WGCFDUS87|413
1848|1|WGDSVHWK5|499
1849|1|WGX12MMS7|2770
1850|1|WH61Q6HJ0|100
1851|1|WH9SWQW92|30
1852|1|WJ2ZDRL58|1001
1853|1|WJ3JGHN19|2292
1854|1|WJGLNRX35|330
1855|1|WJUDB5679|395
1856|1|WK51Y8778|27
1857|1|WKA1BZQT8|998
1858|1|WKKBBQM44|352
1859|1|WLL9YF4T0|14
1860|1|WLLZ3W6S9|198
1861|1|WLYRXZG94|36
1862|1|WN5ZAMJ46|644
1863|1|WN9UYAXQ8|1036
1864|1|WP7HTC3A4|268
1865|1|WPGY2HZ36|212
1866|1|WPL9NGBT3|351
1867|1|WQDAKD440|185
1868|1|WQW8DBTS6|68
1869|1|WR6NAUTG7|75
1870|1|WS3FXPVZ6|23
1871|1|WS77589R2|40
1872|1|WSZXQ11H6|119
1873|1|WTCZW9AK3|396
1874|1|WU2G6RLP9|184
1875|1|WUGRL7ZL1|848
1876|1|WV3Q5M4X8|25
1877|1|WVAK8HV37|42
1878|1|WVHQ6XJ95|35
1879|1|WVNKB91D8|1390
1880|1|WW12NH8Y6|76
1881|1|WWFW3QQR2|628
1882|1|WX2L57U51|741
1883|1|WX3DK4WL1|110
1884|1|WX796UB60|1096
1885|1|WY4X1VGS8|72
1886|1|WYW1M4291|89
1887|1|X142KC6X8|715
1888|1|X1CN2Y466|314
1889|1|X1ZV679G1|31
1890|1|X2XBXJDY5|55
1891|1|X4D5TRD23|1718
1892|1|X514D4JD4|30
1893|1|X5554JY39|51
1894|1|X5F4FFWR6|23
1895|1|X5FK21XS2|112
1896|1|X5KYKSDV2|103
1897|1|X6CAB8478|80
1898|1|X6VT27VC7|116
1899|1|X74PFBQN2|164
1900|1|X862NN9C7|388
1901|1|X8UP1UKL4|30
1902|1|XA1GSVLD7|250
1903|1|XANFC8QR7|7
1904|1|XAX9DQNX9|31
1905|1|XB21M92P6|13
1906|1|XBUS61TF4|1850
1907|1|XCCY1HMK5|44
1908|1|XDXJMMWV4|50
1909|1|XFBJNYA73|12
1910|1|XFHCT9TB2|507
1911|1|XFLUNP6J5|234
1912|1|XFQZNJMP1|818
1913|1|XGWDM8M35|4
1914|1|XH23NV444|51
1915|1|XHYRHW8Q8|44
1916|1|XJ3GW5NU8|80
1917|1|XJS39BY23|20
1918|1|XKSN3RFB8|31
1919|1|XKXW1CYV2|248
1920|1|XLUPN82D8|101
1921|1|XLYFUSG56|20
1922|1|XMS6DK6W9|4
1923|1|XN6BJLLB1|872
1924|1|XNTPW9S38|101
1925|1|XNU8SATL5|19
1926|1|XP7V1B5J3|568
1927|1|XPUXV5AB4|32
1928|1|XPYYLKR10|31
1929|1|XQ8XWGPP5|35
1930|1|XQDT1T6T7|103
1931|1|XQJ8W6KZ3|57
1932|1|XQNDW2153|239
1933|1|XR74T8W56|36
1934|1|XRF3BAN53|2
1935|1|XRTTURZK7|115
1936|1|XRYHWCHL6|3360
1937|1|XSW5RDN62|479
1938|1|XUVA8WCB7|308
1939|1|XVHD3QJ59|498
1940|1|XVVV39UM1|31
1941|1|XW9GBA6K6|83
1942|1|XXBXHCUN1|99
1943|1|XXR44T5K9|43
1944|1|XY5DJ9KG1|57
1945|1|XYSC3NPT1|100
1946|1|XZ2MRQP12|142
1947|1|XZ6C4Z350|12
1948|1|XZB79AL97|125
1949|1|XZKU4KDM9|586
1950|1|Y1BHKU1M5|286
1951|1|Y1R839D17|27
1952|1|Y1S2H6GG4|1448
1953|1|Y1VX4VW24|1479
1954|1|Y2TKYX1N4|51
1955|1|Y4SQHDRT0|51
1956|1|Y5PJ48UB6|186
1957|1|Y5T9AT834|2120
1958|1|Y6R1LZDJ4|241
1959|1|Y6RLH1G16|33
1960|1|Y7NJCAK13|21
1961|1|Y8PSB6391|22
1962|1|Y8TT2LHY2|17
1963|1|Y93SCHGM5|33
1964|1|Y9C3C7BX3|101
1965|1|YANNASSH7|21
1966|1|YAPGQPUX1|306
1967|1|YATBCD9J5|347
1968|1|YBQZ7FF40|51
1969|1|YDJVT9LR5|847
1970|1|YDP62L2C9|51
1971|1|YDQ4QX595|51
1972|1|YFLXBS7T2|31
1973|1|YFQPKAMK5|77
1974|1|YGP98DVF9|201
1975|1|YH6RYDML6|51
1976|1|YJM6KPGR2|12
1977|1|YJWG7RFY6|184
1978|1|YK16LZV35|103
1979|1|YK61RBC70|120
1980|1|YK9HLQRD6|98
1981|1|YKNYLA2V5|174
1982|1|YLL2KA5Y7|34
1983|1|YLLVY78D8|575
1984|1|YLQRLWNZ5|1205
1985|1|YMNDFXTL7|50
1986|1|YN65PTLP8|1134
1987|1|YNL1GPYK5|81
1988|1|YNQ6GKDQ0|271
1989|1|YPGA1SZ74|515
1990|1|YPLLA3FU0|80
1991|1|YPMJYFJR4|48
1992|1|YQXS871N5|396
1993|1|YRLPGX8W9|23
1994|1|YRYVXMKF0|31
1995|1|YS466X122|50
1996|1|YSBD8USZ1|262
1997|1|YTTVG8UF1|199
1998|1|YTXLUJ8K2|57
1999|1|YU6WU84V9|416
2000|1|YULCTTGB3|1031
2001|1|YV4U75AD8|249
2002|1|YVHGSTKF4|26
2003|1|YW5D1JSP3|126
2004|1|YWKTPG725|29
2005|1|YXRRPX8B2|114
2006|1|YYHZJLUA3|29
2007|1|YYJY6XX76|172
2008|1|YZ5WSB2K1|503
2009|1|YZ74YK6D6|4248
2010|1|YZFRTSZR2|37
2011|1|YZV6GQF41|789
2012|1|Z12ZRB5N3|1006
2013|1|Z1J3QFNC2|51
2014|1|Z21LFFDJ7|51
2015|1|Z2PWGGP69|1087
2016|1|Z3R9PS7W3|28
2017|1|Z3V131N18|29
2018|1|Z44B2RJB1|97
2019|1|Z4DLQTHK1|201
2020|1|Z6H7WYLJ3|266
2021|1|Z6HMQ9MX0|84
2022|1|Z7P5XFMT3|51
2023|1|Z876Q6FU2|31
2024|1|Z8FDS47S5|50
2025|1|Z8GCFGAP5|17
2026|1|Z93AZUG15|364
2027|1|Z9C62AD74|154
2028|1|Z9SLQ7TL7|564
2029|1|Z9ZDYUK44|883
2030|1|ZA9NTMJQ5|625
2031|1|ZATQDNBC0|48
2032|1|ZCNPX9MC1|1466
2033|1|ZCSFAK1H0|34
2034|1|ZDAZYAW10|818
2035|1|ZFGZAFUD0|57
2036|1|ZFRV66S78|686
2037|1|ZFV2HQ4G7|21
2038|1|ZG9MF2KA6|47
2039|1|ZGDN5GYZ9|468
2040|1|ZGF1XT1D1|464
2041|1|ZJBTZMM89|93
2042|1|ZJCSNYQ59|167
2043|1|ZK9L9TSP6|51
2044|1|ZKPZXR728|77
2045|1|ZL2J8YFM7|101
2046|1|ZL7324X64|34
2047|1|ZM7SY8DK4|281
2048|1|ZMCGZUWL1|313
2049|1|ZMDFP6ZH2|81
2050|1|ZN6HWSNW8|41
2051|1|ZNL45SZU1|924
2052|1|ZNPUK2DY5|25
2053|1|ZNUPPCX39|30
2054|1|ZP8F6U9H8|881
2055|1|ZQDDJY7V4|64
2056|1|ZRB2CZCG9|266
2057|1|ZRBG6ADV6|274
2058|1|ZSHZDGDR4|203
2059|1|ZTA6WH3M2|150
2060|1|ZUMF68LJ2|178
2061|1|ZUQMHRXS6|625
2062|1|ZV4H9NAN3|27
2063|1|ZV8J12RB7|424
2064|1|ZW576RT14|488
2065|1|ZW9W8CA24|89
2066|1|ZX3X5A2C0|76
2067|1|ZXHJDADA9|613
2068|1|ZXM8SKTF1|25
2069|1|ZXS3WWAK4|289
2070|1|ZY5UFBNY8|101
2071|1|ZYTH56V99|39
2072|1|ZZATSGMB8|31
2073|2|137M4ZH33|128
2074|2|144DRUKM4|40
2075|2|14JUDRYZ8|501
2076|2|14N1R9B87|151
2077|2|14WBQZ7K6|93
2078|2|151WJ5Q40|159
2079|2|162MF96H8|872
2080|2|17CYYGPV0|27
2081|2|17DXMTSS0|1917
2082|2|17JP136W6|19
2083|2|17PJ5DQ13|84
2084|2|17XU54LB2|68
2085|2|1838NV2F4|428
2086|2|1987ZYZT4|34
2087|2|19J3VQXM9|3453
2088|2|1A936JHN7|31
2089|2|1AY3C1U97|106
2090|2|1C51CHVK8|155
2091|2|1D1TZBY32|52
2092|2|1DG8N9CG5|61
2093|2|1DK6FWPS2|2
2094|2|1DYARP3L9|90
2095|2|1FZ1NSKY4|425
2096|2|1HBBVB685|841
2097|2|1HG38LLC6|43
2098|2|1HGSD2NB7|506
2099|2|1JMBXVKA2|488
2100|2|1JNAM7N72|101
2101|2|1K5N8HD92|77
2102|2|1KY9C4461|46
2103|2|1LUDNS4C6|2
2104|2|1MNYMFXK5|9
2105|2|1N2FM1917|55
2106|2|1NB14M698|69
2107|2|1NY87VBK4|51
2108|2|1PCNVSRX5|82
2109|2|1PGLPF381|12
2110|2|1PGV7A463|126
2111|2|1PR66ZZH4|128
2112|2|1PVQZ6H20|71
2113|2|1Q5LUXDV4|88
2114|2|1S8S3UKQ1|450
2115|2|1SCHH3YU1|15
2116|2|1SD6ML1T7|601
2117|2|1TJS6CXS6|684
2118|2|1TKQUR1P9|377
2119|2|1U32GZSR3|71
2120|2|1UG8XQ394|440
2121|2|1UVPLMHN5|76
2122|2|1WYUUJNH0|55
2123|2|1XH6GTDK8|26
2124|2|1YA34A5D9|98
2125|2|1YCZWXGQ4|51
2126|2|1YT57PVJ6|31
2127|2|2266BBY69|527
2128|2|229WQMCA4|35
2129|2|23G25GAS9|27
2130|2|23G6DWB89|616
2131|2|23H538F56|297
2132|2|23ZGQJ679|68
2133|2|24NXU9FY1|658
2134|2|26VADPY29|401
2135|2|26W9321Y9|62
2136|2|27DLQAT10|26
2137|2|27KFUNA53|26
2138|2|2864W5DK3|105
2139|2|287HBTJV4|137
2140|2|28KZP1SF0|249
2141|2|28QKG78Z2|28
2142|2|28ZFAY6T6|57
2143|2|2B3LKVBN3|1219
2144|2|2B7AY4RS0|34
2145|2|2CDKARTM5|457
2146|2|2CWVY1KP3|24
2147|2|2D6RTSHH8|607
2148|2|2FCFACHU8|298
2149|2|2FCKKTJA1|252
2150|2|2FHLA7XZ2|26
2151|2|2FHQKNYG6|24
2152|2|2G1BK3R35|49
2153|2|2GKMUQL26|1387
2154|2|2GSQN7BJ3|401
2155|2|2GTPAKFF3|58
2156|2|2HAZXU6H8|26
2157|2|2HU84XWQ3|12
2158|2|2J4WLAXB8|160
2159|2|2JHDWK5W7|24
2160|2|2JMYPQNG5|83
2161|2|2JWUKGL97|224
2162|2|2LBYA7HD4|222
2163|2|2LGKF1W24|85
2164|2|2LM99XCQ8|34
2165|2|2LZZTCR43|26
2166|2|2M4R6N589|96
2167|2|2NAYK9739|61
2168|2|2NQKT9K12|160
2169|2|2NUA6JY58|30
2170|2|2P41SUVH0|46
2171|2|2P4629VY7|166
2172|2|2Q8MBNSG8|106
2173|2|2Q9UJVWA1|239
2174|2|2QDZJRBG4|11
2175|2|2QF4T6BX9|26
2176|2|2QXRSM4K0|161
2177|2|2RH237YJ1|1363
2178|2|2RQ4VQQZ7|401
2179|2|2SJFAJJ85|42
2180|2|2SRNCGA66|18
2181|2|2SVJUFQD0|2
2182|2|2SZYC66H6|434
2183|2|2T2ATUAT0|272
2184|2|2TDU52KC8|50
2185|2|2TKCX81X1|87
2186|2|2TU8SYYR5|222
2187|2|2U2M4BS53|40
2188|2|2UVN19JG3|1629
2189|2|2VHV4JPR3|476
2190|2|2VJPJFS69|50
2191|2|2W25F5JQ1|42
2192|2|2WB19WGJ7|44
2193|2|2WB5KBGZ5|412
2194|2|2X394L2H5|301
2195|2|2X8CSSLK4|22
2196|2|2XRQF2BM0|1601
2197|2|2XS51NCN1|42
2198|2|2Z33SJUM0|31
2199|2|2Z78SD9S9|112
2200|2|2ZBDS8QX4|103
2201|2|2ZBK1PRD2|31
2202|2|2ZV614J13|41
2203|2|31DGARBZ7|504
2204|2|31MK484G7|226
2205|2|31NHSL7C4|113
2206|2|32P2LYPN8|11
2207|2|32SY2Y3V2|1449
2208|2|32YR2BQ94|219
2209|2|33GT5RFD3|86
2210|2|33H3HWFY9|1401
2211|2|33RP1HC71|55
2212|2|33Z1BV5M8|314
2213|2|33ZZ178J1|1213
2214|2|34JVJJ232|9
2215|2|34T28SWX8|1629
2216|2|35YKNNX61|60
2217|2|368KSUVG7|371
2218|2|36C1N88N9|846
2219|2|37P4NKR33|504
2220|2|37TUJG7R4|1382
2221|2|382LN52K0|41
2222|2|394NZWP82|127
2223|2|39CYZMKK9|31
2224|2|39SL8MWH4|40
2225|2|3AAVK8RG3|658
2226|2|3AKSRNLC4|69
2227|2|3AUHJPJ34|23
2228|2|3BLGUH344|31
2229|2|3BMQ1Q6Y4|126
2230|2|3BW59V3R8|272
2231|2|3C1FK5KC6|101
2232|2|3CD7D8TV2|26
2233|2|3CP38ZRP9|146
2234|2|3DFLMKCL0|226
2235|2|3DQGHAAD7|968
2236|2|3FBPLKGP8|50
2237|2|3FVYW6AN7|49
2238|2|3G5Z1C8X3|66
2239|2|3G9FVRN44|297
2240|2|3HLJW34K7|102
2241|2|3HR8RYM72|1368
2242|2|3J3S36US2|103
2243|2|3K238F2Q5|1933
2244|2|3K6889HV7|200
2245|2|3KAD84Y19|145
2246|2|3L89SS4X7|502
2247|2|3LHB8LZA5|174
2248|2|3LRN8AVM0|149
2249|2|3LZY81RX8|2
2250|2|3M58HB7K4|21
2251|2|3MK497LF9|130
2252|2|3MXUSNXU5|251
2253|2|3NAMMS7B2|24
2254|2|3NLHHJ552|200
2255|2|3NQ7VSK98|35
2256|2|3PMVQTPV4|968
2257|2|3PSFHZ6F5|22
2258|2|3QK87PTW8|625
2259|2|3QTD4PQ46|36
2260|2|3R7PJ6417|26
2261|2|3RR1YQUQ3|35
2262|2|3SHY4LJ12|402
2263|2|3SNNZGZP5|565
2264|2|3T16AQ887|1203
2265|2|3TYHGXG61|140
2266|2|3TZYCRMB2|61
2267|2|3U78LM9Z0|26
2268|2|3U7TGNBH5|313
2269|2|3UC3QXT43|49
2270|2|3V19HK2A3|230
2271|2|3V5Q19JD9|502
2272|2|3VDRH4CS6|24
2273|2|3W1Q2HJ42|121
2274|2|3WAYQKHB8|61
2275|2|3WGJHQYW7|359
2276|2|3WV916BA6|395
2277|2|3X81V9LT6|42
2278|2|3XMN49XR3|68
2279|2|3XSH8MFV8|721
2280|2|3YPURHKW2|199
2281|2|3ZQTC73L2|39
2282|2|41DDRDCT9|26
2283|2|425D26XU2|150
2284|2|42FCC3WH9|80
2285|2|42L37ZD54|501
2286|2|43VWQFUN2|115
2287|2|4457Q5QY7|102
2288|2|44XPR2FS7|34
2289|2|45B5QMS89|42
2290|2|45Y49ZWL3|394
2291|2|46CXR8CC3|605
2292|2|46SP8PQS6|1359
2293|2|471LG3KP4|274
2294|2|475G3SZ90|27
2295|2|47K2BTB73|145
2296|2|48VAFUTR1|46
2297|2|49N7LQH25|57
2298|2|4A28GAV10|226
2299|2|4AATYWS94|51
2300|2|4B32TLC88|32
2301|2|4BBSLM9Y5|53
2302|2|4BH7XMRP1|501
2303|2|4BHHGHSM5|395
2304|2|4BWC8D5H3|92
2305|2|4CTAXY841|426
2306|2|4F8KY55Q1|41
2307|2|4FVJJJA22|338
2308|2|4GQ3H7483|1264
2309|2|4H2VBACR3|105
2310|2|4J3QHUVL1|51
2311|2|4JSQPC773|44
2312|2|4JWVP7NC9|157
2313|2|4KKMU7VJ9|65
2314|2|4L47GZR24|26
2315|2|4L887F5R1|79
2316|2|4M4HSJ6D2|103
2317|2|4M96U4PF5|102
2318|2|4MDWQ1632|658
2319|2|4NAAJK777|301
2320|2|4NQR6GML8|40
2321|2|4PBY9QSV1|263
2322|2|4Q5Z6NK66|55
2323|2|4QKG67VN7|153
2324|2|4RMHQQHQ6|5
2325|2|4RZ9KTS70|30
2326|2|4SNMF51H7|31
2327|2|4TQ4WVLP6|40
2328|2|4UH22R8Z2|70
2329|2|4V5NFXK78|797
2330|2|4W6M2N2W8|22
2331|2|4W75XP4D5|8
2332|2|4WAC96GN0|589
2333|2|4XN5DZ122|66
2334|2|4Y9CJ86B0|51
2335|2|4Z3DF5XN5|80
2336|2|51JWY7W63|178
2337|2|51WPTB5P8|30
2338|2|522DP7NB0|76
2339|2|526KP33H8|95
2340|2|52L1NNDY3|274
2341|2|53MK5CZ51|156
2342|2|54DGA8NG0|43
2343|2|5532PFXP6|76
2344|2|5641A5GC1|141
2345|2|56NGPHAF4|34
2346|2|57KKNHDJ7|79
2347|2|58G3RGG46|51
2348|2|58ZTNPB47|112
2349|2|5AGB6R9N8|601
2350|2|5AU41UK52|19
2351|2|5B3UN5GH2|113
2352|2|5B3YWLGY2|102
2353|2|5BVH953V9|25
2354|2|5C1751LJ2|51
2355|2|5DAVJS1X4|30
2356|2|5G1FJNUU7|141
2357|2|5GKVWZPW1|249
2358|2|5J9FWWHT6|1366
2359|2|5JX7W6QL1|106
2360|2|5LRJ9BXM2|51
2361|2|5LW858F90|86
2362|2|5M1D53VF0|25
2363|2|5M75A7H70|193
2364|2|5MSWHNHB7|101
2365|2|5MT1S3HT7|27
2366|2|5P89S9FD0|49
2367|2|5PHLRZAQ2|41
2368|2|5QXUS68A3|818
2369|2|5RHA5J3C1|102
2370|2|5TUHV93L0|42
2371|2|5TUN4Q420|26
2372|2|5VK2V5WH4|852
2373|2|5VK74LWY1|27
2374|2|5VTNCRTR4|32
2375|2|5VWYYQ6G3|31
2376|2|5VXTCM8W9|64
2377|2|5Y5PZSTV3|27
2378|2|5YDZZHQ64|624
2379|2|5ZV8ZPMS9|1099
2380|2|632WX95F3|51
2381|2|63S2C7HJ7|26
2382|2|641MVTDS5|1386
2383|2|645NM7UG4|51
2384|2|6539MYZF2|157
2385|2|65GH3P9Y8|78
2386|2|65QXBU6R0|16
2387|2|65R2M9775|26
2388|2|65V7M4NC1|69
2389|2|66MQYP990|61
2390|2|67UC4MCJ4|15
2391|2|686R6DLM7|939
2392|2|68U8MTSG5|1382
2393|2|69P34CML2|99
2394|2|69SP87189|40
2395|2|6A6Q3TD74|210
2396|2|6BHJL8UQ1|35
2397|2|6C1PMFP73|1242
2398|2|6C9AGPHK3|104
2399|2|6CPGLQVZ5|78
2400|2|6D32UR7X8|56
2401|2|6F7J544F3|614
2402|2|6FCWB6PF3|125
2403|2|6FSMUN1U3|26
2404|2|6FZZ5ZU84|3071
2405|2|6GK9GMP71|10
2406|2|6HBBQ7BM8|77
2407|2|6HRSC4RZ0|33
2408|2|6J45DWZ30|1025
2409|2|6J8UGJH45|26
2410|2|6KQ3GQDQ1|113
2411|2|6L7ANU4X2|48
2412|2|6MSQNVHP3|31
2413|2|6NZH38MD7|111
2414|2|6P4HTP234|80
2415|2|6QAAKQ2W3|82
2416|2|6RGKFQ274|120
2417|2|6RGPQ52P7|42
2418|2|6SHJVPKJ2|447
2419|2|6SP6LN5G0|37
2420|2|6TTWDW2W4|125
2421|2|6UMHQ7T60|461
2422|2|6VWNVH6B0|50
2423|2|6W2WT4QV7|722
2424|2|6W6CNJ428|301
2425|2|6X44XQ9H1|31
2426|2|6Y9JWF8W4|201
2427|2|6YPYKBP97|31
2428|2|6Z7QT7GC4|36
2429|2|6ZMGANTS5|93
2430|2|715H3DMT1|153
2431|2|71CYP7FP1|166
2432|2|71K3BDYR7|1309
2433|2|72TY5JBB2|1376
2434|2|72USKFDS5|115
2435|2|733NXK921|130
2436|2|74JWXR6N4|1943
2437|2|74KGTS857|11
2438|2|756PX1DF6|960
2439|2|75GKSSB81|53
2440|2|763SW1HJ0|301
2441|2|76835AY51|61
2442|2|771K67NY3|141
2443|2|79551QUU1|30
2444|2|798GMP7K1|58
2445|2|79CMMJNQ6|18
2446|2|79JVK6787|96
2447|2|7BBS51CV8|1508
2448|2|7BGSVFTK9|101
2449|2|7BRCD1QT7|500
2450|2|7C1362NJ4|43
2451|2|7D63BGLJ2|1455
2452|2|7DGB68L40|1010
2453|2|7FC9VTNR7|504
2454|2|7FWR95HT5|387
2455|2|7GXYDR2F0|45
2456|2|7KA1V2263|142
2457|2|7KB929619|37
2458|2|7L7XDP835|10
2459|2|7M96CJSB5|1519
2460|2|7MNSMK498|241
2461|2|7NBST2FW9|1950
2462|2|7NQA49PG8|426
2463|2|7PCRDRYL0|2596
2464|2|7Q59LLL42|151
2465|2|7Q9Q4B275|507
2466|2|7R7RRP871|81
2467|2|7RHB995G4|26
2468|2|7RUYUXDH1|50
2469|2|7RVCN8FW6|269
2470|2|7U7G3KFN2|24
2471|2|7V5BN6MK0|201
2472|2|7W6LM25T5|241
2473|2|7WVLSKHF8|151
2474|2|7XMQBT2X1|352
2475|2|7YA5N9C26|1103
2476|2|7YFLZ9TS8|27
2477|2|7Z2PU3YL7|151
2478|2|8155Z6MP4|44
2479|2|81SD3FSY2|79
2480|2|81SSVRUC7|52
2481|2|822JH2RQ7|237
2482|2|82LDZCK92|26
2483|2|82TWL6C57|101
2484|2|852RVQ116|36
2485|2|86T112VW7|51
2486|2|86WGVG935|123
2487|2|87K4LAGD7|21
2488|2|887KVSRJ9|300
2489|2|894JLBU57|91
2490|2|89LHRYFW4|18
2491|2|8APTAY6F6|73
2492|2|8ATYATML1|132
2493|2|8BHU7VXR4|373
2494|2|8BRATPRM4|50
2495|2|8D29KL7L2|39
2496|2|8D3HRTBF7|62
2497|2|8D6Q3APP4|726
2498|2|8F9AHUC84|115
2499|2|8GPR447D4|26
2500|2|8GQF8L9C7|76
2501|2|8J4UUV4J5|41
2502|2|8J4Z4A4Z3|179
2503|2|8KF59KJ57|81
2504|2|8LM7KGKW8|100
2505|2|8LRCKB120|723
2506|2|8LZTTGWU8|45
2507|2|8MF8GDB79|101
2508|2|8MNR27532|115
2509|2|8P44AU354|51
2510|2|8PCA23XZ1|57
2511|2|8Q9D14231|101
2512|2|8QF32QK44|100
2513|2|8RM5BMLV7|47
2514|2|8RMUH3NU8|101
2515|2|8SCY2B8B6|62
2516|2|8SK2QJSD8|36
2517|2|8T293CHZ4|1249
2518|2|8T2DBTJG9|106
2519|2|8UBKJ2WM3|25
2520|2|8UFB7Z7U9|101
2521|2|8VJMSYYC9|101
2522|2|8VSTJ8U76|177
2523|2|8WBNPWQP0|511
2524|2|8XW41LZJ1|48
2525|2|8XXB7U4C7|51
2526|2|8Y9Q9MBG8|24
2527|2|8YJBY55F8|63
2528|2|8YL8GKBM7|125
2529|2|8Z6T8MFK0|71
2530|2|8ZBHA7XL8|78
2531|2|91JKL4ZB2|637
2532|2|91JZ6R1C0|28
2533|2|91K8QM2A0|83
2534|2|92GGY25V1|50
2535|2|92LS7BMH1|466
2536|2|92YTLAWX5|42
2537|2|948YRLA39|102
2538|2|94KHXJA89|503
2539|2|95GFTTD85|252
2540|2|95L71BSZ0|38
2541|2|9692XF451|47
2542|2|96SYFQWQ9|19
2543|2|971G1JQL4|67
2544|2|97KBJUJ53|106
2545|2|97TJ94CZ7|80
2546|2|97URGBHU9|51
2547|2|9874J4QX1|20
2548|2|98FS6NJW1|57
2549|2|98HJFMQM5|63
2550|2|9947H4U12|101
2551|2|998WJRB29|226
2552|2|999V73DY4|3071
2553|2|9AGNY4FS0|50
2554|2|9B7SJC193|152
2555|2|9BCW6KKB8|75
2556|2|9BW7TUAD1|174
2557|2|9CXM24V49|1508
2558|2|9GDYRRAH2|124
2559|2|9HQXHMSG3|31
2560|2|9HS5PUWA3|31
2561|2|9J5C5K6U8|331
2562|2|9JC6F5XC5|42
2563|2|9KLRF64W2|358
2564|2|9M52HFD90|76
2565|2|9MAAF2XT1|487
2566|2|9MTN2BPV1|707
2567|2|9N3CNNM78|98
2568|2|9NV19N8L2|51
2569|2|9P96DPN18|45
2570|2|9PDBDK364|100
2571|2|9QA99U660|141
2572|2|9QF1HCKX8|21
2573|2|9R8G6MCN2|12
2574|2|9RBCZ8PY8|34
2575|2|9RC7D5SD1|81
2576|2|9T9LNPAU6|23
2577|2|9TB7N7H37|109
2578|2|9TGSFCYN1|239
2579|2|9TL89SBU0|1250
2580|2|9UC1ZGZA7|51
2581|2|9UJ5NPJC8|59
2582|2|9USLWUF51|434
2583|2|9V9T9P5R3|403
2584|2|9VY54ZF16|274
2585|2|9W2GQXSR5|504
2586|2|9W7QNLB95|205
2587|2|9WM6N5NR4|153
2588|2|9WR29V3B4|699
2589|2|9XS1QULN0|406
2590|2|9Y6LN71H7|51
2591|2|9YARN2GN1|67
2592|2|9Z7PJBKN6|47
2593|2|A15VF4S42|23
2594|2|A18T7S3F2|31
2595|2|A2GU61830|154
2596|2|A2LQMZNA7|31
2597|2|A2LZ5VP88|104
2598|2|A2Z6MKYS8|1087
2599|2|A36ZW6QA2|724
2600|2|A38MVQVK8|52
2601|2|A3CSVLAQ1|67
2602|2|A3D6NWC40|32
2603|2|A49V1AF62|1900
2604|2|A4FKW6WU2|47
2605|2|A4U6578S6|500
2606|2|A577J6K76|52
2607|2|A654W3QR5|504
2608|2|A6NGJCGT0|402
2609|2|A7PFYBZ47|127
2610|2|A7UPVZJN5|214
2611|2|A83ZVQDY3|105
2612|2|A953RUY49|41
2613|2|A9CZY8T13|68
2614|2|A9TKVM7V8|210
2615|2|AA67G9GW3|378
2616|2|ABD8DJMK1|193
2617|2|ABWLV3C84|585
2618|2|AC6248911|115
2619|2|ACA743Q66|1525
2620|2|ACALWDRL8|1950
2621|2|ACF2RT4S6|1188
2622|2|AD798TTN3|1391
2623|2|ADBZ4QAA8|99
2624|2|ADRLCQN84|642
2625|2|AF4MRPXP9|40
2626|2|AFWA6YKP2|226
2627|2|AG2K4M477|402
2628|2|AGG146FP7|221
2629|2|AGKVRVV94|1377
2630|2|AK2HZCBL4|295
2631|2|AKQZ44MB0|78
2632|2|ALX2D1P34|5
2633|2|AMFTMWG68|374
2634|2|AMU13LRQ1|12
2635|2|AN7MBM3N1|105
2636|2|AN814X524|504
2637|2|AP9DC7PS1|93
2638|2|APNZM81Q3|700
2639|2|AQ21Z7B52|75
2640|2|AQTQFGY55|1839
2641|2|ARCFBPU53|231
2642|2|ARH9ZD8R0|513
2643|2|ASPJC1AL8|39
2644|2|ASXUBR6W9|1359
2645|2|ATBABAJC2|721
2646|2|ATYX7VR29|111
2647|2|AUNDBMZT9|113
2648|2|AVUGMK2K9|575
2649|2|AWC7VDUN6|346
2650|2|AWRFB4569|289
2651|2|AWY8LQVQ4|93
2652|2|AX51L4H43|141
2653|2|AX5FCFJJ2|504
2654|2|AZ4AC27R3|1382
2655|2|AZR4NZBM3|238
2656|2|AZZKX58D7|716
2657|2|B19UL77M8|562
2658|2|B1DQ7WN78|504
2659|2|B2LXLJQ23|64
2660|2|B3CFY3AY8|146
2661|2|B3JKM9V19|1887
2662|2|B4KTL5D98|98
2663|2|B4Y9KQQR8|36
2664|2|B5RVV2G13|2
2665|2|B64SYLQZ2|136
2666|2|B69N3X845|159
2667|2|B6VNU8969|848
2668|2|B847U8GQ8|51
2669|2|B8MKGJ7S7|36
2670|2|B8VVG8435|31
2671|2|B91QLKM75|395
2672|2|B9NJWHR36|625
2673|2|B9WZ5NMV0|444
2674|2|BAB4GF1P0|1494
2675|2|BBJBU23J9|41
2676|2|BBSJKAYC6|66
2677|2|BC9V6LQF2|419
2678|2|BCFYUT8H1|884
2679|2|BCTRPWHZ0|35
2680|2|BDGJP6QS3|22
2681|2|BDH7TNSR7|126
2682|2|BDQUNWM31|507
2683|2|BDVDG33N2|204
2684|2|BDYW4RGG8|48
2685|2|BG72BFML7|308
2686|2|BGTM4HQJ4|49
2687|2|BJ1N2RV68|51
2688|2|BJ9TT1R11|2282
2689|2|BJF8AS747|88
2690|2|BJJYQ1M82|153
2691|2|BJT9PRHK9|31
2692|2|BJY4U2ZP2|565
2693|2|BKKY514K3|110
2694|2|BKUDD61B1|114
2695|2|BL8JPXF57|338
2696|2|BLHAMW8L4|51
2697|2|BMFS2KGZ3|101
2698|2|BNB1MNHN2|501
2699|2|BNR5XDWG4|113
2700|2|BP56T19F0|26
2701|2|BPT41RHP1|58
2702|2|BQQVAXP47|663
2703|2|BR4GKY129|51
2704|2|BRR1C13Z3|89
2705|2|BSPGSPBD0|486
2706|2|BSX3MX5R5|401
2707|2|BSY2A98N8|51
2708|2|BTGCXJZQ0|32
2709|2|BTKVM7CJ2|239
2710|2|BTQPX8W12|62
2711|2|BTR8T9XJ2|433
2712|2|BTVK2LD54|501
2713|2|BTZYLAV87|51
2714|2|BURXW4F93|51
2715|2|BUSWKGJ62|41
2716|2|BV239RD18|54
2717|2|BV5XXFTM5|31
2718|2|BVK14Q3P7|6
2719|2|BWC6A2VG8|348
2720|2|BZN9KG2L2|433
2721|2|C11VTGDJ5|31
2722|2|C1F395Q21|140
2723|2|C1NFLJHG0|503
2724|2|C27PKHFB2|503
2725|2|C2VGJSN40|50
2726|2|C392SSZ25|125
2727|2|C3N45S9H6|112
2728|2|C3NP1TAZ9|226
2729|2|C4PC4MTR4|51
2730|2|C4QASYWN0|41
2731|2|C4YHJ8SH1|7
2732|2|C53C5Y735|124
2733|2|C69LJL8X3|50
2734|2|C76TS1CH1|2698
2735|2|C83BUZF31|1273
2736|2|C8N2S7A39|502
2737|2|C9PQJCVR5|115
2738|2|C9YA1YSZ7|31
2739|2|CAKUU1VX6|51
2740|2|CALXRTZA8|63
2741|2|CC6H1ACJ1|52
2742|2|CCA7DKSN7|49
2743|2|CCL39AQG8|102
2744|2|CCL7JRQX4|76
2745|2|CDMR1HA49|101
2746|2|CDS19SRR9|52
2747|2|CDZSDGLK4|66
2748|2|CG1RUG3V3|70
2749|2|CG6ZS3ND0|78
2750|2|CH3DLMPJ0|504
2751|2|CH47ZJRY9|47
2752|2|CHZS3HTK6|198
2753|2|CJK2D4NJ2|2163
2754|2|CK6KUJUC0|4273
2755|2|CKYWLZJQ9|43
2756|2|CLH92K9D1|226
2757|2|CM2J1J798|251
2758|2|CMQ9ZTF21|85
2759|2|CMXNB67G6|2
2760|2|CN3W8TRZ7|278
2761|2|CN7MN3647|51
2762|2|CPJ6LNLP8|297
2763|2|CPK58ZPL1|101
2764|2|CPX6MYZ15|852
2765|2|CQY62YHB2|81
2766|2|CR4DZM1V1|101
2767|2|CRZTU52Z4|244
2768|2|CSX6B1714|314
2769|2|CTGGMN1Z0|1509
2770|2|CU3Z327U1|50
2771|2|CUWAUHX65|103
2772|2|CVYX91LR7|101
2773|2|CWV2KPLX7|2
2774|2|CX51VLKL0|202
2775|2|CX5GH6LM3|386
2776|2|CXDBVAFW5|31
2777|2|CXNDB5A99|43
2778|2|CYFLU5Z58|389
2779|2|CYGKHJ326|1098
2780|2|CYQR7SXW2|72
2781|2|CYULVHCH3|229
2782|2|CZ8HGNQZ3|300
2783|2|CZD28U7K7|196
2784|2|D11U84FB1|61
2785|2|D14WA6S48|46
2786|2|D1X82NGG7|4
2787|2|D2AUANTD5|6
2788|2|D38B2YXW6|427
2789|2|D3CVV5FG3|226
2790|2|D41DAKMA8|1087
2791|2|D5M73X1G5|114
2792|2|D72G43Y23|25
2793|2|D7Z3Y53N6|271
2794|2|D88K79ZF0|73
2795|2|D8C12PCM6|151
2796|2|D8MB2D8X1|2
2797|2|D8N5GABC6|50
2798|2|D8S13ZRY4|408
2799|2|D95WQ64G2|153
2800|2|D9AGHBM13|199
2801|2|D9Y8GMTT4|23
2802|2|DB88K66V8|59
2803|2|DC29G3Y66|201
2804|2|DCAA3NTX1|50
2805|2|DCXTK2ZS6|87
2806|2|DCZ1RA4M7|347
2807|2|DFKAGWGW5|247
2808|2|DFPGGRX25|1386
2809|2|DGYVBMBJ3|61
2810|2|DH86BB7U9|201
2811|2|DJ9FA6S33|201
2812|2|DJJR9WND4|34
2813|2|DJKKPTQU5|94
2814|2|DJPFBJ5F4|457
2815|2|DK7VQUZH8|45
2816|2|DMXV9Q974|515
2817|2|DN7AJV5Z7|253
2818|2|DN7QB67D2|33
2819|2|DNV7SLD80|93
2820|2|DPNF9M345|170
2821|2|DS5LKUMA0|31
2822|2|DSAFQ64F3|1368
2823|2|DSDHS8G75|84
2824|2|DSTXF5VL5|480
2825|2|DT6UJQ5K5|200
2826|2|DTLUL1JW9|233
2827|2|DU59YCCY6|24
2828|2|DUT2XNLR7|37
2829|2|DW3GTJ170|2164
2830|2|DWV9J7NP8|471
2831|2|DXSN13SQ0|65
2832|2|DXTGDZV52|260
2833|2|DXTV7AWK7|309
2834|2|DYLT6GKH6|442
2835|2|DYU5HUBW2|507
2836|2|DYUYWRFB1|115
2837|2|F1KJWN889|1741
2838|2|F23PXU2R9|237
2839|2|F2FXR69C5|24
2840|2|F2RBNP924|173
2841|2|F348S7K18|41
2842|2|F39HPV3K0|42
2843|2|F3J8TJXC7|402
2844|2|F4QH65Z71|120
2845|2|F5M9T12R6|246
2846|2|F5ZW21DP2|110
2847|2|F64N8KTF1|21
2848|2|F72JT6ZB0|26
2849|2|F7BDNXX55|136
2850|2|F7Q28M662|93
2851|2|F7R56D9K2|238
2852|2|F7ZLFK6B5|230
2853|2|F8J7DYXY4|339
2854|2|FAG4R8K90|503
2855|2|FAGY55MQ4|1741
2856|2|FB146BG79|416
2857|2|FBNRW6NJ2|39
2858|2|FC197DW32|1244
2859|2|FCFP22AU4|199
2860|2|FCG3NNBV0|121
2861|2|FCLJ6CTY7|80
2862|2|FDMWDPCP5|74
2863|2|FFJQ1JG70|340
2864|2|FFXA9JT51|16
2865|2|FGLSDA2W7|2273
2866|2|FGYY1QCT4|31
2867|2|FH8TWGAM7|33
2868|2|FHMGH4KN0|102
2869|2|FJ25NWZY3|33
2870|2|FLCJYRXR3|189
2871|2|FLXD5DU73|161
2872|2|FLXJDUUP3|174
2873|2|FM2K599C1|261
2874|2|FML64Q1Z1|270
2875|2|FMXPFX9K4|818
2876|2|FMY388AY3|101
2877|2|FN87MV9Q3|41
2878|2|FNC39KQA2|121
2879|2|FQG491UP3|502
2880|2|FQUQJ26M9|44
2881|2|FQYGQLLC2|78
2882|2|FRWC97S91|52
2883|2|FS684YQ38|96
2884|2|FSXRHJAZ1|130
2885|2|FSYKWFDF7|37
2886|2|FVKXJ69V2|35
2887|2|FVUTCX7P3|53
2888|2|FVUXNC851|76
2889|2|FWHLC7FG1|266
2890|2|FWVC7APY4|1693
2891|2|FWVHGRQF6|51
2892|2|FX5MVCP69|59
2893|2|FX9HJ33S6|31
2894|2|FXFBNDLW6|218
2895|2|FZCJHK852|695
2896|2|G1TSHR5R8|200
2897|2|G2UW75PJ0|296
2898|2|G2V5R1QG0|501
2899|2|G2VZ4XSW2|721
2900|2|G3D6HSJH4|483
2901|2|G4A9GSML7|253
2902|2|G4QFLU112|31
2903|2|G5HBRPPB5|31
2904|2|G5SBVVMM4|101
2905|2|G6DZLQTX6|477
2906|2|G6JB6P6N9|63
2907|2|G6SSFU3F1|181
2908|2|G76WRLH82|131
2909|2|G99XR2MM8|856
2910|2|G9JQP1G27|471
2911|2|G9QCCZ1Z2|469
2912|2|GAH63PPG0|14
2913|2|GAVWM51V3|1522
2914|2|GBSAFP2Z7|424
2915|2|GDMUUBDH7|29
2916|2|GDRAPQSP5|20
2917|2|GFDRZ72T9|207
2918|2|GFPMUXZM4|799
2919|2|GFPS4D133|111
2920|2|GGFRF6L43|125
2921|2|GGQ6PBGW9|28
2922|2|GGQAXSHC7|41
2923|2|GH4AZ3VQ5|396
2924|2|GH7XX78Z1|201
2925|2|GJJWP3QY7|402
2926|2|GK6Y68YP4|1050
2927|2|GK7BYL138|167
2928|2|GKG4WJUJ4|502
2929|2|GKMSMHFG2|50
2930|2|GLDQLN3D2|57
2931|2|GLS3NFAH5|579
2932|2|GM6X3NS95|305
2933|2|GMF55LK70|506
2934|2|GMPQP6GG9|357
2935|2|GMPZ72HD4|106
2936|2|GNS2KU431|1052
2937|2|GPK92USY5|31
2938|2|GQB67QG91|207
2939|2|GRHANKDR2|32
2940|2|GRMR69VU6|51
2941|2|GS1R7M965|103
2942|2|GS5C5QNG9|179
2943|2|GU4CDSC58|32
2944|2|GU4S73DK1|66
2945|2|GUK6UZTX9|200
2946|2|GUN4NN587|101
2947|2|GUTHUQQ84|41
2948|2|GVL179B51|70
2949|2|GWM4WPUX6|329
2950|2|GWN7UGYA6|69
2951|2|GWWDKRU55|72
2952|2|GWWP3MV32|602
2953|2|GX925F364|598
2954|2|GXPVLNJY9|51
2955|2|GXTS2MY69|51
2956|2|GXXHFWCA7|295
2957|2|GZ8LG7UR8|208
2958|2|GZJGAYSK2|43
2959|2|H1K5DT9A9|76
2960|2|H1Y5G4NN2|425
2961|2|H2Z4W45Y0|198
2962|2|H3NQG1GK4|338
2963|2|H3WW6ABD3|382
2964|2|H426FLT14|1398
2965|2|H42M26U22|1501
2966|2|H4GM3J7D0|198
2967|2|H4KJW5JQ8|100
2968|2|H4XVM9UQ7|1718
2969|2|H58K2NVB9|86
2970|2|H5SFKYNW7|91
2971|2|H6JTP39B0|51
2972|2|H6KN2ZBS5|55
2973|2|H6TTT97M0|953
2974|2|H6U7LL911|211
2975|2|H7UWPDRS9|441
2976|2|H8D3JVKW5|269
2977|2|HAGKNANS6|130
2978|2|HAVKPN245|330
2979|2|HCL4PJV11|99
2980|2|HCUADTQV8|225
2981|2|HCYLP46H5|610
2982|2|HDD1B1LV3|101
2983|2|HGH2AHR81|501
2984|2|HGRHKNN12|38
2985|2|HGRMU3NH9|34
2986|2|HH4YK7YH6|57
2987|2|HHSAWX584|51
2988|2|HJAHSCYC4|705
2989|2|HK3DX8MP5|34
2990|2|HKV3CJ8P1|99
2991|2|HLCYVU280|41
2992|2|HLSYX5FL3|45
2993|2|HMPTC9HR5|101
2994|2|HNHJX28H8|50
2995|2|HNRQNB4B9|329
2996|2|HNVZWMKY2|101
2997|2|HPPS9PAB0|56
2998|2|HQB8WTHK6|26
2999|2|HRDGK14Q9|78
3000|2|HRDLTG569|251
3001|2|HRGQTLG47|87
3002|2|HRMPLXWN4|35
3003|2|HRNWT61H6|31
3004|2|HRP22M1Y7|32
3005|2|HSA95V784|102
3006|2|HSPR5FJQ0|100
3007|2|HT7WZWBU6|97
3008|2|HTS3236B5|1811
3009|2|HTZFCFYR6|237
3010|2|HTZU5S157|16
3011|2|HUDV1CD45|2286
3012|2|HVQD5NU26|273
3013|2|HWM7LSW79|755
3014|2|HXDY5KMY5|50
3015|2|HXKDHL3P8|41
3016|2|HXP4VUHT4|160
3017|2|HXTF54YF3|37
3018|2|HYM6J6PT8|22
3019|2|HZC5TZ8U9|1279
3020|2|J19NLADB6|2164
3021|2|J1K3UGA43|503
3022|2|J1LB1PDY7|50
3023|2|J1LGA4FF2|158
3024|2|J2RZJ9FA3|603
3025|2|J35B8DRA8|37
3026|2|J3PH9LKT0|2
3027|2|J3X8D9DM6|28
3028|2|J478JGBW1|41
3029|2|J4B98VSL9|2286
3030|2|J4QR8G424|575
3031|2|J57TBUU65|225
3032|2|J5MTD67J7|73
3033|2|J5NC97913|398
3034|2|J6YG9JRG1|120
3035|2|J73RJU734|163
3036|2|J7BCD31F3|99
3037|2|J7GTR3H51|1601
3038|2|J7LK4BW96|294
3039|2|J7QUCNBW6|100
3040|2|J8JLRQ399|31
3041|2|J8MT37FJ1|378
3042|2|J8SSGYY46|24
3043|2|JA7GM4U76|31
3044|2|JAHR96TF5|30
3045|2|JAHVJMTW3|960
3046|2|JB1C8ML26|26
3047|2|JB53MVZ62|2284
3048|2|JBJKMGAN2|76
3049|2|JCLWJ3Y99|305
3050|2|JCUNMST39|41
3051|2|JD3KU6MZ8|49
3052|2|JD8PHD623|2286
3053|2|JF57LC7N1|226
3054|2|JFK7MPLZ1|114
3055|2|JFTY7ZJB4|51
3056|2|JGYTAPG85|1387
3057|2|JH15SBLK0|452
3058|2|JHD7YLVM9|570
3059|2|JHN8M5RC1|47
3060|2|JHRZTQ546|20
3061|2|JJ5M2QH25|51
3062|2|JJFZZ7GR7|41
3063|2|JJUM87TP9|57
3064|2|JK1ARSG71|51
3065|2|JL4VUN7P7|161
3066|2|JL5UHZAL1|101
3067|2|JLCXAH324|101
3068|2|JLF5HQ6W6|60
3069|2|JLK684ML3|48
3070|2|JM2HVDCN8|377
3071|2|JMA19H656|2164
3072|2|JMFYUYQ49|31
3073|2|JNJARMBR0|1363
3074|2|JNS2VA6K0|16
3075|2|JNZZ2Q1G0|42
3076|2|JP22ZH4U4|37
3077|2|JP9A2DWS8|2
3078|2|JPPA3RA45|94
3079|2|JQ2MTVM42|672
3080|2|JQ7ZZY643|226
3081|2|JQGMV6ZG8|53
3082|2|JS2GGUD88|91
3083|2|JSAN74938|51
3084|2|JSKNUP4U9|78
3085|2|JSPF27JL6|72
3086|2|JTCF7QV78|161
3087|2|JTRW7A6P8|102
3088|2|JTV7T8KD0|52
3089|2|JV38RHQ24|101
3090|2|JVABJZGJ2|101
3091|2|JVBKR7LC3|101
3092|2|JVGLGN127|374
3093|2|JVLZZCH59|151
3094|2|JVQS6WVW3|1089
3095|2|JVY4J9PA9|84
3096|2|JVYX3WS42|1456
3097|2|JVZ7G2SP3|56
3098|2|JWCD3H3L0|175
3099|2|JXFQZ4R75|638
3100|2|JXPH3TL13|40
3101|2|JYLQB8PL4|1780
3102|2|JYZ22CZL2|675
3103|2|JZD23QCX0|42
3104|2|JZDLYRFF8|121
3105|2|JZNSQ1A97|26
3106|2|K1FUXLYP0|178
3107|2|K1L9GBFS6|46
3108|2|K2H336JA2|97
3109|2|K39UG88P0|100
3110|2|K3SN1RXV8|187
3111|2|K4F9RM560|500
3112|2|K4YQANZM9|31
3113|2|K4ZNZ13J8|194
3114|2|K57RSHUZ4|2
3115|2|K58YYQYU8|227
3116|2|K5CZQ5DJ3|541
3117|2|K5JF7VVM7|273
3118|2|K5N6FF9C5|59
3119|2|K5RJ1CN39|52
3120|2|K5WBBF5L2|1879
3121|2|K5WMPL654|101
3122|2|K6227AN88|293
3123|2|K69TAZH23|100
3124|2|K6Q7YWWF7|47
3125|2|K7C57N4P3|1401
3126|2|K7LWBAYH2|28
3127|2|K8WG9WD24|526
3128|2|K9AGB7SD8|363
3129|2|K9B178TW0|51
3130|2|K9QBXD4W9|102
3131|2|KAC964C56|194
3132|2|KAHPPUU80|96
3133|2|KBDHAPWS1|121
3134|2|KCV1P1UX2|175
3135|2|KCY7ZK768|199
3136|2|KDBPZ4JN7|102
3137|2|KDX37JGZ6|503
3138|2|KF56118G1|2
3139|2|KF6D78CA2|186
3140|2|KFFKXJ859|21
3141|2|KFFUGD933|200
3142|2|KFKLNXNU9|59
3143|2|KFNX8W1K5|82
3144|2|KFTRKXK25|38
3145|2|KFU1X3KM8|102
3146|2|KG7SFJX10|37
3147|2|KGMN7F9W0|990
3148|2|KHJAKUBY5|15
3149|2|KJTVJDSJ9|263
3150|2|KK7VKR5V5|230
3151|2|KKN1PSKA5|255
3152|2|KLF3XC7Q4|49
3153|2|KMAWK7A84|84
3154|2|KNSFWK8D0|76
3155|2|KNVN82LN9|134
3156|2|KP947MX47|501
3157|2|KPTJSPSK2|1268
3158|2|KQ2L8JMX8|101
3159|2|KQC8PWNK5|197
3160|2|KQGZWG2A3|116
3161|2|KQLBHDF10|39
3162|2|KQR5TFXJ0|72
3163|2|KQRG5LY33|241
3164|2|KQUSRKAT0|363
3165|2|KRK2FXPC2|34
3166|2|KSFQTBRF7|38
3167|2|KSLADT7M0|126
3168|2|KU59T8KB4|119
3169|2|KV6DHP342|106
3170|2|KV73N5530|222
3171|2|KVBJ5VM67|118
3172|2|KW8ASQPQ7|57
3173|2|KWC78Q3X0|349
3174|2|KYVXDYPM5|41
3175|2|KYYZH21D9|503
3176|2|KZ9NXF219|200
3177|2|KZCLR2CB2|101
3178|2|KZNL1YAZ7|28
3179|2|KZNVD4BK0|33
3180|2|L24CX6A37|30
3181|2|L2C51V4W6|607
3182|2|L3JDR53U4|206
3183|2|L42Q1RXT1|20
3184|2|L53TR6GL5|21
3185|2|L54HVNJK7|38
3186|2|L58XDCZN8|69
3187|2|L5S91NRQ0|50
3188|2|L65R18366|43
3189|2|L69MH7HD8|138
3190|2|L6YHD9TK2|39
3191|2|L9735XFH5|201
3192|2|L9Z5DJ3W1|31
3193|2|LA4ADCK23|101
3194|2|LB9K9CJC9|108
3195|2|LB9YVYKD2|1525
3196|2|LCV8MKWP2|21
3197|2|LCZ499B96|24
3198|2|LF17YPV28|24
3199|2|LF6BMWD48|88
3200|2|LFPP96562|36
3201|2|LFQCDN758|565
3202|2|LG358RGN4|101
3203|2|LGVWMT712|481
3204|2|LHHV76BC6|65
3205|2|LJQW5FH10|26
3206|2|LKHDHZ3X7|12
3207|2|LKHPV54H4|470
3208|2|LKWKN1HC3|161
3209|2|LL1QMVXJ4|1517
3210|2|LM6YHVWU2|62
3211|2|LMM4MXA91|30
3212|2|LNKWD2M78|101
3213|2|LNSNV3A55|46
3214|2|LNWJHSQR5|57
3215|2|LNX3CTS82|499
3216|2|LPXHXS820|38
3217|2|LQ3RVDSL0|48
3218|2|LQM3HPJN7|55
3219|2|LQMSN5LM8|163
3220|2|LQZKH8V41|1134
3221|2|LRTAVALH9|79
3222|2|LSF9FPQU6|105
3223|2|LT4DVN2X4|508
3224|2|LTM36QRN2|200
3225|2|LUDTRHHD2|41
3226|2|LUTYVJVU1|81
3227|2|LUY4VDAZ6|585
3228|2|LW4CRDAA7|34
3229|2|LWJJVFPR3|39
3230|2|LXL6MM9D0|153
3231|2|LXQ33LPM7|81
3232|2|LXTXRA472|35
3233|2|LYC4LRXB0|384
3234|2|LYUX69MJ8|75
3235|2|LZ163X621|60
3236|2|LZJHR6X47|967
3237|2|LZSDXLS18|201
3238|2|LZSTQWTF5|16
3239|2|LZWYQS8L8|1748
3240|2|M1QR3TYY0|363
3241|2|M2WDLDZA8|83
3242|2|M3FFC5TB2|432
3243|2|M4B7YZVV5|23
3244|2|M4RD429A2|102
3245|2|M4VK3WQG4|92
3246|2|M61SYWPS6|38
3247|2|M6AT43N20|101
3248|2|M6FY3Y378|31
3249|2|M7DQV3D55|66
3250|2|M7HLV4NV2|357
3251|2|M7RBYTHP5|44
3252|2|M8SBDSZZ5|25
3253|2|M8XLBFKJ9|21
3254|2|M9FWYQAL0|51
3255|2|M9G7AVB53|2
3256|2|M9KJWTPV1|57
3257|2|M9UCY9N23|52
3258|2|MAN5BBCF6|296
3259|2|MAWGB28R1|52
3260|2|MBA2L2LP2|1867
3261|2|MBTTTXCS1|31
3262|2|MD8N7J9B9|78
3263|2|MDMQDSKD2|1249
3264|2|MFDWWT894|523
3265|2|MFY77F381|29
3266|2|MGCCBGGP3|47
3267|2|MHCJCJWK2|981
3268|2|MHF13N2B2|1256
3269|2|MHNS7AW58|45
3270|2|MJUZKXXZ8|81
3271|2|MKCB77Q21|31
3272|2|MKCMKCQM7|2
3273|2|MKRT6T1J9|1438
3274|2|MKSMLQ3Y7|668
3275|2|MLKKKURW7|71
3276|2|MMGST9VG1|51
3277|2|MMR82FS80|31
3278|2|MP1HNV687|1510
3279|2|MP62G1NT4|23
3280|2|MP6MB2QA1|320
3281|2|MPK4N9XV3|1363
3282|2|MQBB5AMR3|330
3283|2|MQVMFXGQ5|30
3284|2|MS9XM2A13|402
3285|2|MSBFB5FT8|331
3286|2|MSL6FU9M0|238
3287|2|MTSDTGBG2|690
3288|2|MU9RFR3J3|504
3289|2|MUA1SW437|2
3290|2|MUP7FADZ9|75
3291|2|MUQ1U7HF1|2297
3292|2|MVL64VHM4|466
3293|2|MWD71T8X3|90
3294|2|MWNN9Y5Q6|101
3295|2|MXKANC7S1|80
3296|2|MXYM1UMP3|563
3297|2|MY3GPK292|43
3298|2|MYGJVTBB1|1294
3299|2|MYN2BAWT1|579
3300|2|MZ8RCU177|541
3301|2|MZT1PFV69|24
3302|2|N27BUKPH9|233
3303|2|N28UKNU93|508
3304|2|N2HLPBP33|24
3305|2|N3FJ28UM2|503
3306|2|N3PU1YQX1|102
3307|2|N475P8GZ1|26
3308|2|N4H1JZDT3|447
3309|2|N4L7VHS24|77
3310|2|N4QWX4930|420
3311|2|N5HLCCW30|569
3312|2|N61BM8P66|12
3313|2|N6AM9AND9|639
3314|2|N6L2JGK65|45
3315|2|N6Q7JAZB5|112
3316|2|N7W19C156|2121
3317|2|N7ZVX2FR9|51
3318|2|N8CY4AQT4|1249
3319|2|N8KGKUA93|521
3320|2|N9LL98U24|126
3321|2|N9QFWY8N8|50
3322|2|N9U74HND4|204
3323|2|NB4S332Y1|602
3324|2|NBDZWV2K1|34
3325|2|NCM89H4D0|602
3326|2|ND4FNAUZ3|37
3327|2|ND4KWRVG6|115
3328|2|NDJ1WB6X8|455
3329|2|NDNB5MNK6|842
3330|2|NFDZLW9K5|192
3331|2|NFXRUS2N1|43
3332|2|NHSRCDBN6|1519
3333|2|NHTFHVDM6|9625
3334|2|NHXA5KU73|51
3335|2|NJACBU496|95
3336|2|NJAS555P6|544
3337|2|NJGVTBPR8|649
3338|2|NKMV5GN46|17
3339|2|NM26ALGF5|338
3340|2|NM2L3WHU2|1525
3341|2|NMBF5CG12|50
3342|2|NMH99PY58|169
3343|2|NN43LN317|504
3344|2|NNC52GXD0|55
3345|2|NNHKL7DH4|2
3346|2|NNJNHZHV4|101
3347|2|NP1Z598X8|313
3348|2|NPFG4ULD8|51
3349|2|NPKRD5210|2210
3350|2|NQBDUDP18|109
3351|2|NQV639G44|120
3352|2|NQVABQGL0|1525
3353|2|NRDVZHB49|74
3354|2|NSQURCT38|48
3355|2|NSUQD37P2|251
3356|2|NT7SLBHR0|996
3357|2|NT86CNK55|788
3358|2|NU1XRQ9J0|439
3359|2|NUK9CZ1L1|56
3360|2|NUP1LJFB6|92
3361|2|NVYLK3UW3|457
3362|2|NW8UCVUH0|103
3363|2|NWDPJ7BM1|238
3364|2|NX1HU5GH7|1805
3365|2|NX9TTVBT7|77
3366|2|NXG2RHWB7|250
3367|2|NXYDCSND1|102
3368|2|NYBGL1XG8|972
3369|2|NYBVCBYV9|144
3370|2|NYGHAGC57|31
3371|2|NZK7ZF265|93
3372|2|NZSLASUL1|121
3373|2|P17DS1AC7|592
3374|2|P1BA7ZQL9|25
3375|2|P2HYQLQX3|157
3376|2|P2N8YW6K0|49
3377|2|P2S4MLM56|98
3378|2|P35LM5XM7|351
3379|2|P3PSGMRR6|305
3380|2|P3TXGH6W4|41
3381|2|P3YBZ7NZ1|43
3382|2|P5VZSM8C9|229
3383|2|P668MD7Y4|45
3384|2|P782G9TQ2|42
3385|2|P7CGZ19T8|100
3386|2|P7VTMA1V6|376
3387|2|P88VTKAX2|448
3388|2|P899LVCB0|231
3389|2|P8DKV5TY8|103
3390|2|P931YX3Q0|140
3391|2|P9PZKA824|101
3392|2|PA8QGJ420|31
3393|2|PB62YD830|479
3394|2|PBFCY44D0|1374
3395|2|PBKP7DL12|43
3396|2|PBPJV3ZM5|101
3397|2|PC2M2C9P5|1523
3398|2|PC2ZUPB32|299
3399|2|PCVS7R2G9|51
3400|2|PFQRRCBG1|2
3401|2|PFTF14MU7|406
3402|2|PG3NUWMF5|82
3403|2|PH4N9W4R0|47
3404|2|PH9W7JP93|454
3405|2|PHT7UTFB4|367
3406|2|PJ6PUCRT0|35
3407|2|PJAZ3P7F6|2134
3408|2|PJYHK3D97|397
3409|2|PKSJG15L8|127
3410|2|PL28823A1|331
3411|2|PMBT6MHV0|1374
3412|2|PMH3FWYH1|85
3413|2|PMHBYSZF4|102
3414|2|PMQL1QSC7|389
3415|2|PMZ19VP50|44
3416|2|PMZF36QK6|394
3417|2|PNT6G8FX7|168
3418|2|PPAJ3J6Z9|291
3419|2|PQ7RAYAK0|589
3420|2|PQN5YVQX5|134
3421|2|PQQU8N1A1|300
3422|2|PR133DZW8|89
3423|2|PRWWJK328|50
3424|2|PS22JDJ73|80
3425|2|PS7AG22R1|102
3426|2|PSQ89ZSD3|64
3427|2|PSQN3ATT5|412
3428|2|PSU91F733|27
3429|2|PT442W592|112
3430|2|PT7QZZJK7|125
3431|2|PTJDGCK64|110
3432|2|PTSQG3FH7|208
3433|2|PU1LU79S2|38
3434|2|PUAGPY7L7|84
3435|2|PUPXPJK24|1429
3436|2|PUXF9BBX1|601
3437|2|PUYNGKGS1|241
3438|2|PVLGSHLN7|99
3439|2|PVUSS7GY5|101
3440|2|PVV6KJJC9|27
3441|2|PWDHPFBY6|51
3442|2|PWJCB4SK3|142
3443|2|PWMZ985U5|234
3444|2|PWWFJD2M7|75
3445|2|PWWUAQ418|102
3446|2|PX1G8THA4|625
3447|2|PXQLPRUD0|95
3448|2|PZN8H5DS0|240
3449|2|PZXHAXDC0|22
3450|2|Q1YGRWWP9|116
3451|2|Q2MNJJ5V0|125
3452|2|Q2N2AU796|289
3453|2|Q2RP8XLK7|36
3454|2|Q314J3HB9|50
3455|2|Q31JADJR6|41
3456|2|Q3558HX17|124
3457|2|Q35TKPZC7|1544
3458|2|Q3FTPVXN6|101
3459|2|Q3U9PG945|31
3460|2|Q3XGZYMC3|126
3461|2|Q3Y12QP84|196
3462|2|Q47VXGM20|57
3463|2|Q4MBX1XJ1|2
3464|2|Q4W2Q2V82|284
3465|2|Q5J19FZL3|301
3466|2|Q5NFT6GP7|309
3467|2|Q5SLT1WU1|21
3468|2|Q6AWWXRF9|32
3469|2|Q6FSKN612|13
3470|2|Q6KDHRKA8|39
3471|2|Q6TURWG30|213
3472|2|Q6U8K7HH7|626
3473|2|Q7MZX97V6|95
3474|2|Q85BKJYX4|23
3475|2|Q9KNQNT85|214
3476|2|Q9UWKFSU9|60
3477|2|QARQZKUZ2|81
3478|2|QAVVZFA55|80
3479|2|QB24X2UP0|37
3480|2|QBXJRLVT9|23
3481|2|QBXXJWX79|374
3482|2|QC2KH1AH2|128
3483|2|QC6QGVRN9|46
3484|2|QCC7XDB44|68
3485|2|QCRPWYNL2|31
3486|2|QCVFA82Q2|67
3487|2|QDP6P9T31|658
3488|2|QDW57BK39|326
3489|2|QFQ11KAA1|21
3490|2|QG8B5G4W1|40
3491|2|QGC6T5KH0|41
3492|2|QGCH5AL23|70
3493|2|QGRNSQVY3|372
3494|2|QHKF5SMB6|101
3495|2|QJ2RT2CD4|51
3496|2|QJR3NCMP6|105
3497|2|QJYL86FK7|735
3498|2|QKC6H6SH4|90
3499|2|QKSASY6A4|46
3500|2|QLFX65GJ3|1509
3501|2|QMUXZ4995|486
3502|2|QMVBSFAP7|451
3503|2|QMYYQJPY3|124
3504|2|QMZN1QSA6|1397
3505|2|QN8K84M75|1387
3506|2|QN9N5WQL4|84
3507|2|QNSUJRG67|95
3508|2|QNTNXNJM7|41
3509|2|QPA2QV6D2|156
3510|2|QPTKFUXK0|71
3511|2|QQM1GRNC2|2
3512|2|QR5RCYJC6|405
3513|2|QR9M1NXY5|21
3514|2|QR9WCTYJ0|1068
3515|2|QRNP7X814|2477
3516|2|QS2DRCLF0|33
3517|2|QSGUD9ZT4|99
3518|2|QTWTVLWG1|60
3519|2|QUPR1GKS1|89
3520|2|QUYGMSH43|51
3521|2|QVQQGG338|31
3522|2|QW2NWN955|51
3523|2|QWDA1CCP1|371
3524|2|QWSRZXQ54|74
3525|2|QWX2985S0|399
3526|2|QX72DF424|58
3527|2|QXQ8S8UN5|104
3528|2|QXR365X36|31
3529|2|QY7GYCKV3|37
3530|2|QYQYPCB19|98
3531|2|QYRS8ZDU3|95
3532|2|QYVNQYU25|51
3533|2|QZABWS9C9|504
3534|2|QZJFQ91U8|36
3535|2|QZJUHL385|36
3536|2|R17196BF3|41
3537|2|R1RBD3618|201
3538|2|R2D8MTD96|98
3539|2|R2NFC3943|33
3540|2|R2WL935B2|33
3541|2|R4M58YY82|798
3542|2|R4VVV9VL8|31
3543|2|R5N4PYGK5|52
3544|2|R6AQ8VS53|194
3545|2|R6BDDBU49|2
3546|2|R6Q68G3M3|55
3547|2|R6UGHRK84|1761
3548|2|R74GMXHJ2|103
3549|2|R7MNZS847|142
3550|2|R7NHDPAK0|114
3551|2|R8P6HHTA6|101
3552|2|RANRMLKH6|62
3553|2|RAZZDXS40|13
3554|2|RB9KXJPC4|170
3555|2|RBANVASR1|74
3556|2|RBQDCS551|3071
3557|2|RBTZHLJT2|53
3558|2|RCB7PQ913|618
3559|2|RD9XN8JC4|163
3560|2|RDJKHHBQ5|60
3561|2|RFBAVK337|592
3562|2|RFKJXGV18|101
3563|2|RG84HD5M1|111
3564|2|RG8TMV7L0|20
3565|2|RGMLGYH31|716
3566|2|RGRVR8XQ0|2463
3567|2|RH1VVFVZ7|161
3568|2|RH4XXJ7S3|2
3569|2|RHK389ML9|57
3570|2|RJ2AFDBT7|111
3571|2|RJZ2QLJ87|3008
3572|2|RKCNYLV64|17
3573|2|RL1UR74C4|51
3574|2|RL2JVP6B3|51
3575|2|RLA5QWZP2|1376
3576|2|RLXDNG5L0|229
3577|2|RM6Z622U2|255
3578|2|RM833U679|39
3579|2|RMRDR3X96|17
3580|2|RN5FLQA85|453
3581|2|RN8MX7NH2|317
3582|2|RPFYQZR69|602
3583|2|RQ8R42GK8|201
3584|2|RQGY5Z8H6|15
3585|2|RR5JQWK30|40
3586|2|RRJZQGVK4|64
3587|2|RRP9YSB63|244
3588|2|RRYA3Y9G2|556
3589|2|RS2C61M83|982
3590|2|RSGHGT121|71
3591|2|RSRCBJXV8|442
3592|2|RSYQNWR93|42
3593|2|RTWGY3WQ3|2627
3594|2|RUA3748N5|26
3595|2|RUY8YQHU3|1399
3596|2|RUYY46KT2|506
3597|2|RVR2PF5A3|78
3598|2|RW4DDKGA2|50
3599|2|RW5HBBKP6|51
3600|2|RWNPQ6A90|506
3601|2|RWNTYMAR8|41
3602|2|RX66F62F6|98
3603|2|RXGG381N6|199
3604|2|RYCCYJ4N6|31
3605|2|RYN4KU1Z8|51
3606|2|RZ1ZBQDV5|201
3607|2|RZ65BKV15|202
3608|2|RZDCDHMY5|11
3609|2|RZKMB56H8|108
3610|2|S1GDXZ919|23
3611|2|S1LQ79QN4|517
3612|2|S1VQBGNX3|586
3613|2|S1YSDJZQ0|381
3614|2|S2CWQADJ8|34
3615|2|S2NSL2BB7|101
3616|2|S2T2UBSY0|185
3617|2|S3TW6MA65|114
3618|2|S3XWX1QV4|80
3619|2|S3YVLCTS8|81
3620|2|S4WCBPY98|226
3621|2|S5SMWSYX6|611
3622|2|S62WKUY59|80
3623|2|S6L3XPPR1|241
3624|2|S6L874Q79|120
3625|2|S7CVARF40|42
3626|2|S8KJTBFG4|2383
3627|2|S93KL38H0|102
3628|2|SACU6HNH4|503
3629|2|SAJ4FT449|758
3630|2|SAT4KZ2D0|107
3631|2|SBAAXTSZ7|30
3632|2|SBL6TKQT4|231
3633|2|SBQH2V6F2|94
3634|2|SD4WP51L3|36
3635|2|SDT3FR9S0|22
3636|2|SDTSL7BR1|714
3637|2|SFQ25ACD7|757
3638|2|SFZATCBM0|49
3639|2|SGHNFN3P3|602
3640|2|SGRA45WN4|402
3641|2|SJGY1UTX8|2040
3642|2|SJH3A9UD4|1255
3643|2|SJZYTLMY2|44
3644|2|SLA8F11Y3|24
3645|2|SLFJPAHL4|457
3646|2|SLQJTHFV3|678
3647|2|SM7R6B6G5|24
3648|2|SMHM23495|31
3649|2|SMRSSBZ42|177
3650|2|SP2AWNF26|50
3651|2|SPQHP8P82|114
3652|2|SQD42FYG4|31
3653|2|SQRMCP719|230
3654|2|SQWR1VR35|98
3655|2|SRDXDQGP2|201
3656|2|SRF2P5H54|233
3657|2|SS7PSS725|200
3658|2|SSG6CKZX2|63
3659|2|STDC9C7D7|1629
3660|2|STDHJT7V8|1799
3661|2|SV7NNJFF0|94
3662|2|SVBXWTW21|229
3663|2|SVMY1ZUB9|104
3664|2|SW55DUKX0|68
3665|2|SX1YUYN35|1306
3666|2|SX69493Q0|25
3667|2|SX6NWL548|426
3668|2|SY824VPU9|26
3669|2|SYMWWS2Q7|40
3670|2|SZ1CWBD60|302
3671|2|T1BGWNVM3|300
3672|2|T3ASHVLV4|1913
3673|2|T3AWSAMB2|991
3674|2|T3UT9MDW6|35
3675|2|T4V7UKVQ4|31
3676|2|T552W1TW1|100
3677|2|T59C5B9J4|407
3678|2|T5J53A3Y5|43
3679|2|T5JP525U3|30
3680|2|T62KNBYD6|64
3681|2|T679J8G22|493
3682|2|T6BFJ3W75|1155
3683|2|T7W5CP6Z7|28
3684|2|T8KB59G62|103
3685|2|T8L19RJ58|31
3686|2|T8XT4USN3|915
3687|2|TA8W56936|402
3688|2|TB2J8SYZ9|50
3689|2|TBQFHJ781|121
3690|2|TC8AZTZT1|51
3691|2|TCCBR8FH7|38
3692|2|TCCGZPFY2|140
3693|2|TCWHSF8Z3|539
3694|2|TF2H4K7C6|188
3695|2|TF6SCUNZ8|1003
3696|2|TFFKATHF1|105
3697|2|TFG3CKKA2|71
3698|2|TFYYVVBV3|77
3699|2|TG8URM9P9|101
3700|2|TH13L9VN9|101
3701|2|THKTHHRN3|201
3702|2|TJBZZJFJ3|41
3703|2|TJRRHYSX6|164
3704|2|TJV7CC646|500
3705|2|TKCQ3BX93|1018
3706|2|TL6ACPNK8|503
3707|2|TM847L8A2|113
3708|2|TMMUR1LQ0|50
3709|2|TN1QHWYL0|125
3710|2|TN9W86UF3|71
3711|2|TPQ2ALNN0|99
3712|2|TPYWC2LU1|51
3713|2|TQ46MC2G8|464
3714|2|TQ8S7TJN3|300
3715|2|TQWD4CRB6|31
3716|2|TRXWM4AJ0|42
3717|2|TSQYUPYX9|26
3718|2|TT9F81TZ6|274
3719|2|TTDL7W959|462
3720|2|TTDQHB9M6|56
3721|2|TTDURSA39|56
3722|2|TTSMLVKL9|725
3723|2|TV3QM7218|21
3724|2|TVMWGNV55|1811
3725|2|TX7AGQ7W7|70
3726|2|TXMRR1QB1|20
3727|2|TYMGK4246|298
3728|2|TYVWT8XW7|172
3729|2|TYWALKZA1|38
3730|2|TZ1LUVFX6|810
3731|2|TZALZ2D74|864
3732|2|TZTTBW4T9|27
3733|2|TZYJ7SMG7|99
3734|2|U13P7N2M0|511
3735|2|U1MKQXV60|1157
3736|2|U1QMT16Y6|447
3737|2|U1VAUMPZ4|10
3738|2|U24821JW8|41
3739|2|U36UGK7G6|133
3740|2|U3AKUTML0|140
3741|2|U3B4QUP34|48
3742|2|U3Q1UCY21|13
3743|2|U3TNSHBB7|62
3744|2|U4SHZGM54|992
3745|2|U4VFT3XG4|31
3746|2|U514UQFH4|51
3747|2|U5FF86UD5|1772
3748|2|U5KAQ68M5|20
3749|2|U6GP72CN8|26
3750|2|U7K5YK3T2|195
3751|2|U7NRGYFD3|290
3752|2|U8TQU3CS9|330
3753|2|U8Y13CUD1|1107
3754|2|U9817KSP2|298
3755|2|U9R7LDJ94|841
3756|2|U9VXG9ZX6|102
3757|2|UA13G5G37|51
3758|2|UAN21JLF8|46
3759|2|UASR353G4|17
3760|2|UAXQGWM27|42
3761|2|UBB271X28|504
3762|2|UC48Q2LX3|202
3763|2|UC76HPX85|47
3764|2|UC8JYC2K3|28
3765|2|UC8P7T313|27
3766|2|UCHA31WC5|67
3767|2|UCMG2WBJ7|13
3768|2|UCMVPHCK8|18
3769|2|UCR2ZZQT2|42
3770|2|UDF7FY2W6|51
3771|2|UFV6X8YK3|75
3772|2|UG7YSC823|353
3773|2|UG96YLBW5|52
3774|2|UH1ZP9ZC2|160
3775|2|UHAL6VWM6|503
3776|2|UHL5QGTV4|189
3777|2|UHX98D116|941
3778|2|UJ11YAB85|89
3779|2|UJ33KFJJ1|97
3780|2|UJQR99QU7|117
3781|2|UJR52LS81|485
3782|2|UJVFAW7V3|1946
3783|2|UKNMTWWR5|51
3784|2|UKTBPTDD6|2317
3785|2|ULQ5ANGX2|101
3786|2|ULV4QDZJ4|101
3787|2|UM8GFKAJ4|1399
3788|2|UN1NXKZD0|42
3789|2|UN5DAUDJ2|868
3790|2|UNJGJ3PL3|565
3791|2|UNJVADQZ5|9
3792|2|UPQ994QD2|79
3793|2|UPUU2A6Y9|449
3794|2|UQSM5SC11|284
3795|2|UR5CZVMJ6|754
3796|2|URYDWTCU6|20
3797|2|USH65P5X8|51
3798|2|USRRP9366|51
3799|2|USUXZSFF3|131
3800|2|UTNKA45Q4|1163
3801|2|UTSUKDMB0|1381
3802|2|UU2UPLKM0|80
3803|2|UUGAP5W33|53
3804|2|UUL22FA73|51
3805|2|UUQRXASV8|694
3806|2|UVMKK5VD6|16
3807|2|UW1UXN9A3|33
3808|2|UX2TKBSZ7|2081
3809|2|UX3HPTUY8|51
3810|2|UXG9JX4G8|27
3811|2|UYMPHN3V5|31
3812|2|UYSCK8LW5|51
3813|2|UZQ1D9RH1|50
3814|2|V12T8CZZ0|652
3815|2|V2DLD6KD5|35
3816|2|V2P5WSGN1|84
3817|2|V2SC89TW8|132
3818|2|V3KYJMK61|74
3819|2|V3Q8SWZT4|560
3820|2|V3Z8X3Y30|35
3821|2|V4HG9XPP2|562
3822|2|V55T58XY5|2
3823|2|V58B5L7V7|141
3824|2|V5JYSP8V0|27
3825|2|V6Z7SV6G1|1854
3826|2|V6ZWXB8F4|56
3827|2|V752X6PL0|51
3828|2|V784Z91C1|127
3829|2|V7C9Z4GJ5|310
3830|2|V7CPSFHX0|14
3831|2|V8DJXYZS5|241
3832|2|V8K3R5HB9|81
3833|2|V8PSSRZC8|54
3834|2|V9MFMT4Y5|51
3835|2|VBAZMPXV1|81
3836|2|VBBDDZZ94|201
3837|2|VBLL59V47|45
3838|2|VBPSGT7C1|234
3839|2|VCHCS4XN2|31
3840|2|VCMP1FD94|1376
3841|2|VCWP5MBK1|92
3842|2|VDDVJG357|77
3843|2|VDKLDBKT7|41
3844|2|VF37CSBF6|24
3845|2|VF5RD3MB1|226
3846|2|VFGD16NB5|15
3847|2|VGHMZ26L1|1519
3848|2|VGWN1CKX5|2226
3849|2|VH2H5Q321|716
3850|2|VH5Y13G89|51
3851|2|VHA3ZXWD9|22
3852|2|VJAY6HD86|92
3853|2|VJHLWFZ62|85
3854|2|VJM719CU7|253
3855|2|VKJF8QHD8|102
3856|2|VKJUVAJF7|59
3857|2|VMHZCT8L3|43
3858|2|VMM6QALU2|156
3859|2|VMNK5YR50|1157
3860|2|VNA2MCWZ9|31
3861|2|VNDSZNB43|40
3862|2|VNX5G72T2|74
3863|2|VPB9RYGM2|226
3864|2|VPGZMUY91|797
3865|2|VQ35MLZT4|51
3866|2|VQJND1JX1|466
3867|2|VRF27KL29|1249
3868|2|VRU28VYD9|1181
3869|2|VRXP6ZBP6|49
3870|2|VRYWD7GJ3|55
3871|2|VS74G58G9|203
3872|2|VS7J8G9V7|45
3873|2|VTJM8SSA4|81
3874|2|VUG93TWW3|50
3875|2|VUV955A83|504
3876|2|VWFDMAN27|50
3877|2|VWJLXTZA1|364
3878|2|VWPLBLHW7|335
3879|2|VWTZVAYZ8|200
3880|2|VXB785QL4|30
3881|2|VXGHHG676|51
3882|2|VXVD3MJQ4|391
3883|2|VY8PZGV36|399
3884|2|VYZKV4D95|1087
3885|2|VZA7H7F95|34
3886|2|W1BGG2YJ7|1508
3887|2|W1RGHDBV3|80
3888|2|W1WAMQUZ5|120
3889|2|W1ZSH4867|54
3890|2|W2PND6KB1|37
3891|2|W2XPV1DQ3|184
3892|2|W3AGQ4P75|23
3893|2|W3G1HA5S4|95
3894|2|W3UX3GJ97|59
3895|2|W4CPBBAC6|51
3896|2|W6BTUU1J6|51
3897|2|W6G16BCS9|848
3898|2|W6M93YXA4|105
3899|2|W6YWPN6B8|507
3900|2|W78MGP424|506
3901|2|W7CCP7HT8|23
3902|2|W8647Z8K8|159
3903|2|W8Q5U1277|49
3904|2|W8WZ3MSR6|54
3905|2|W97MQQTR6|19
3906|2|WA8VPLBZ5|1376
3907|2|WANVQWRB9|31
3908|2|WATQV88G1|1525
3909|2|WB1XX61D0|99
3910|2|WC8L344N0|270
3911|2|WCCFQTK83|1387
3912|2|WCRN6HUS3|237
3913|2|WDA3KUPU9|95
3914|2|WDNVDXYB7|873
3915|2|WDTZ35HD9|73
3916|2|WDYDLVYH7|18
3917|2|WFGWAVQN8|185
3918|2|WFUXPV135|267
3919|2|WG983BDZ6|50
3920|2|WGCFDUS87|413
3921|2|WGDSVHWK5|499
3922|2|WGX12MMS7|2772
3923|2|WH61Q6HJ0|100
3924|2|WH9SWQW92|30
3925|2|WJ2ZDRL58|1002
3926|2|WJ3JGHN19|2292
3927|2|WJGLNRX35|330
3928|2|WJUDB5679|395
3929|2|WK51Y8778|27
3930|2|WKA1BZQT8|997
3931|2|WKKBBQM44|352
3932|2|WLL9YF4T0|14
3933|2|WLLZ3W6S9|198
3934|2|WLYRXZG94|36
3935|2|WN5ZAMJ46|644
3936|2|WN9UYAXQ8|1036
3937|2|WP7HTC3A4|268
3938|2|WPGY2HZ36|212
3939|2|WPL9NGBT3|351
3940|2|WQDAKD440|185
3941|2|WQW8DBTS6|68
3942|2|WR6NAUTG7|75
3943|2|WS3FXPVZ6|23
3944|2|WS77589R2|40
3945|2|WSZXQ11H6|119
3946|2|WTCZW9AK3|396
3947|2|WU2G6RLP9|184
3948|2|WUGRL7ZL1|848
3949|2|WV3Q5M4X8|25
3950|2|WVAK8HV37|42
3951|2|WVHQ6XJ95|35
3952|2|WVNKB91D8|1390
3953|2|WW12NH8Y6|76
3954|2|WWFW3QQR2|628
3955|2|WX2L57U51|741
3956|2|WX3DK4WL1|110
3957|2|WX796UB60|1097
3958|2|WY4X1VGS8|72
3959|2|WYW1M4291|89
3960|2|X142KC6X8|715
3961|2|X1CN2Y466|314
3962|2|X1ZV679G1|31
3963|2|X2XBXJDY5|55
3964|2|X4D5TRD23|1718
3965|2|X514D4JD4|30
3966|2|X5554JY39|51
3967|2|X5F4FFWR6|23
3968|2|X5FK21XS2|115
3969|2|X5KYKSDV2|103
3970|2|X6CAB8478|80
3971|2|X6VT27VC7|116
3972|2|X74PFBQN2|164
3973|2|X862NN9C7|388
3974|2|X8UP1UKL4|30
3975|2|XA1GSVLD7|250
3976|2|XANFC8QR7|7
3977|2|XAX9DQNX9|31
3978|2|XB21M92P6|13
3979|2|XBUS61TF4|1850
3980|2|XCCY1HMK5|44
3981|2|XDXJMMWV4|50
3982|2|XFBJNYA73|12
3983|2|XFHCT9TB2|507
3984|2|XFLUNP6J5|234
3985|2|XFQZNJMP1|819
3986|2|XGWDM8M35|4
3987|2|XH23NV444|51
3988|2|XHYRHW8Q8|44
3989|2|XJ3GW5NU8|80
3990|2|XJS39BY23|20
3991|2|XKSN3RFB8|31
3992|2|XKXW1CYV2|248
3993|2|XLUPN82D8|101
3994|2|XLYFUSG56|20
3995|2|XMS6DK6W9|4
3996|2|XN6BJLLB1|873
3997|2|XNTPW9S38|101
3998|2|XNU8SATL5|19
3999|2|XP7V1B5J3|568
4000|2|XPUXV5AB4|32
4001|2|XPYYLKR10|31
4002|2|XQ8XWGPP5|35
4003|2|XQDT1T6T7|103
4004|2|XQJ8W6KZ3|57
4005|2|XQNDW2153|240
4006|2|XR74T8W56|35
4007|2|XRF3BAN53|2
4008|2|XRTTURZK7|115
4009|2|XRYHWCHL6|3356
4010|2|XSW5RDN62|479
4011|2|XUVA8WCB7|308
4012|2|XVHD3QJ59|498
4013|2|XVVV39UM1|31
4014|2|XW9GBA6K6|83
4015|2|XXBXHCUN1|99
4016|2|XXR44T5K9|43
4017|2|XY5DJ9KG1|57
4018|2|XYSC3NPT1|100
4019|2|XZ2MRQP12|142
4020|2|XZ6C4Z350|12
4021|2|XZB79AL97|125
4022|2|XZKU4KDM9|586
4023|2|Y1BHKU1M5|286
4024|2|Y1R839D17|27
4025|2|Y1S2H6GG4|1449
4026|2|Y1VX4VW24|1479
4027|2|Y2TKYX1N4|51
4028|2|Y4SQHDRT0|51
4029|2|Y5PJ48UB6|186
4030|2|Y5T9AT834|2120
4031|2|Y6R1LZDJ4|241
4032|2|Y6RLH1G16|33
4033|2|Y7NJCAK13|21
4034|2|Y8PSB6391|22
4035|2|Y8TT2LHY2|17
4036|2|Y93SCHGM5|33
4037|2|Y9C3C7BX3|101
4038|2|YANNASSH7|21
4039|2|YAPGQPUX1|306
4040|2|YATBCD9J5|347
4041|2|YBQZ7FF40|51
4042|2|YDJVT9LR5|848
4043|2|YDP62L2C9|51
4044|2|YDQ4QX595|51
4045|2|YFLXBS7T2|31
4046|2|YFQPKAMK5|77
4047|2|YGP98DVF9|201
4048|2|YH6RYDML6|51
4049|2|YJM6KPGR2|12
4050|2|YJWG7RFY6|184
4051|2|YK16LZV35|103
4052|2|YK61RBC70|120
4053|2|YK9HLQRD6|98
4054|2|YKNYLA2V5|174
4055|2|YLL2KA5Y7|34
4056|2|YLLVY78D8|575
4057|2|YLQRLWNZ5|1205
4058|2|YMNDFXTL7|50
4059|2|YN65PTLP8|1134
4060|2|YNL1GPYK5|81
4061|2|YNQ6GKDQ0|271
4062|2|YPGA1SZ74|515
4063|2|YPLLA3FU0|80
4064|2|YPMJYFJR4|48
4065|2|YQXS871N5|400
4066|2|YRLPGX8W9|23
4067|2|YRYVXMKF0|31
4068|2|YS466X122|50
4069|2|YSBD8USZ1|262
4070|2|YTTVG8UF1|200
4071|2|YTXLUJ8K2|57
4072|2|YU6WU84V9|416
4073|2|YULCTTGB3|1031
4074|2|YV4U75AD8|249
4075|2|YVHGSTKF4|26
4076|2|YW5D1JSP3|126
4077|2|YWKTPG725|29
4078|2|YXRRPX8B2|114
4079|2|YYHZJLUA3|29
4080|2|YYJY6XX76|172
4081|2|YZ5WSB2K1|503
4082|2|YZ74YK6D6|4247
4083|2|YZFRTSZR2|37
4084|2|YZV6GQF41|790
4085|2|Z12ZRB5N3|1008
4086|2|Z1J3QFNC2|51
4087|2|Z21LFFDJ7|51
4088|2|Z2PWGGP69|1087
4089|2|Z3R9PS7W3|28
4090|2|Z3V131N18|29
4091|2|Z44B2RJB1|97
4092|2|Z4DLQTHK1|201
4093|2|Z6H7WYLJ3|266
4094|2|Z6HMQ9MX0|84
4095|2|Z7P5XFMT3|51
4096|2|Z876Q6FU2|31
4097|2|Z8FDS47S5|50
4098|2|Z8GCFGAP5|17
4099|2|Z93AZUG15|364
4100|2|Z9C62AD74|154
4101|2|Z9SLQ7TL7|564
4102|2|Z9ZDYUK44|883
4103|2|ZA9NTMJQ5|625
4104|2|ZATQDNBC0|48
4105|2|ZCNPX9MC1|1467
4106|2|ZCSFAK1H0|34
4107|2|ZDAZYAW10|819
4108|2|ZFGZAFUD0|57
4109|2|ZFRV66S78|686
4110|2|ZFV2HQ4G7|21
4111|2|ZG9MF2KA6|47
4112|2|ZGDN5GYZ9|468
4113|2|ZGF1XT1D1|465
4114|2|ZJBTZMM89|93
4115|2|ZJCSNYQ59|167
4116|2|ZK9L9TSP6|51
4117|2|ZKPZXR728|77
4118|2|ZL2J8YFM7|101
4119|2|ZL7324X64|34
4120|2|ZM7SY8DK4|281
4121|2|ZMCGZUWL1|313
4122|2|ZMDFP6ZH2|81
4123|2|ZN6HWSNW8|41
4124|2|ZNL45SZU1|924
4125|2|ZNPUK2DY5|25
4126|2|ZNUPPCX39|30
4127|2|ZP8F6U9H8|882
4128|2|ZQDDJY7V4|64
4129|2|ZRB2CZCG9|267
4130|2|ZRBG6ADV6|274
4131|2|ZSHZDGDR4|203
4132|2|ZTA6WH3M2|150
4133|2|ZUMF68LJ2|178
4134|2|ZUQMHRXS6|625
4135|2|ZV4H9NAN3|27
4136|2|ZV8J12RB7|425
4137|2|ZW576RT14|488
4138|2|ZW9W8CA24|89
4139|2|ZX3X5A2C0|76
4140|2|ZXHJDADA9|613
4141|2|ZXM8SKTF1|25
4142|2|ZXS3WWAK4|289
4143|2|ZY5UFBNY8|101
4144|2|ZYTH56V99|39
4145|2|ZZATSGMB8|31
