Index|Day|Composite AxiomaID|Constituent AxiomaID|Weight
0|1|28KZP1SF0|TP6U4GXF4|0.00019758
1|1|2GKMUQL26|4Z7Y7BF76|0.00026618
2|1|2GKMUQL26|71A12A4R1|0.00021638
3|1|2GKMUQL26|9BSZP1YJ3|0.00015007
4|1|2GKMUQL26|9LZWHKY40|0.00012522
5|1|2GKMUQL26|F1SW811N1|0.00023583
6|1|2GKMUQL26|JYM979R32|0.00011555
7|1|2GKMUQL26|L9Y2GQZJ4|0.00071042
8|1|2GKMUQL26|SSCH9JQX9|0.0001066
9|1|2RH237YJ1|1TNSWTCG4|8.1027e-05
10|1|2RH237YJ1|2TTU6CXQ3|7.7127e-05
11|1|2RH237YJ1|85M791V31|0.00015247
12|1|2RH237YJ1|9PHJR2FF5|8.3372e-05
13|1|2RH237YJ1|AJ8SFLLU8|8.7923e-05
14|1|2RH237YJ1|AS8YFNVR7|0.00010272
15|1|2RH237YJ1|CQLNRR8S0|0.0001552
16|1|2RH237YJ1|K5NY6SCK4|7.8004e-05
17|1|2RH237YJ1|M3FKMLTT6|8.9521e-05
18|1|2RH237YJ1|R77964TC9|8.3682e-05
19|1|2RH237YJ1|RJYT6QHA7|0.00010213
20|1|2RH237YJ1|SHKQTDQC1|7.8652e-05
21|1|2RH237YJ1|WQ143PTL4|0.00014878
22|1|2RH237YJ1|YG2MZHTM4|0.00019496
23|1|2RH237YJ1|ZWQU4RSP0|9.5073e-05
24|1|2U2M4BS53|1957RHQM8|0.025603
25|1|2U2M4BS53|1QA368XK2|0.025485
26|1|2U2M4BS53|8XP7A5A47|0.013908
27|1|2U2M4BS53|AC98FRM99|0.013381
28|1|2U2M4BS53|CFY9MQVK9|0.015256
29|1|2U2M4BS53|H3PGD3L43|0.026949
30|1|2U2M4BS53|M1V1C4FL5|0.016194
31|1|2U2M4BS53|M4MTYJXM9|0.034253
32|1|2U2M4BS53|TQCHM2XS7|0.019231
33|1|2U2M4BS53|UUZBFWQ47|0.014362
34|1|2U2M4BS53|UXQQT3185|0.017042
35|1|2U2M4BS53|Y8Z3SU436|0.014806
36|1|2U2M4BS53|ZTJY15XF4|0.028781
37|1|2XRQF2BM0|34F1V4PG7|4.4406e-05
38|1|2XRQF2BM0|VVH7QJFL4|3.3301e-05
39|1|2XRQF2BM0|YWUNQX588|6.2762e-05
40|1|33ZZ178J1|K58L6DXF0|7.8341e-05
41|1|37TUJG7R4|3P3461UM2|9.917e-05
42|1|37TUJG7R4|8S66LAKD7|9.6917e-05
43|1|37TUJG7R4|VLBKLT9K5|0.00014487
44|1|37TUJG7R4|YHZLYBD64|0.00014778
45|1|3C1FK5KC6|3P3461UM2|0.001708
46|1|3DQGHAAD7|3P3461UM2|0.00056395
47|1|3DQGHAAD7|U29UXQ575|9.7933e-05
48|1|3HR8RYM72|2TTU6CXQ3|7.9022e-05
49|1|3HR8RYM72|5PWGJVPL9|8.7611e-05
50|1|3HR8RYM72|5S57D8AM4|8.5279e-05
51|1|3HR8RYM72|74J8MK4A4|8.7752e-05
52|1|3HR8RYM72|9P91AYMX4|0.0001228
53|1|3HR8RYM72|AS8YFNVR7|0.00013155
54|1|3HR8RYM72|ASK2ZZUV6|0.00010307
55|1|3HR8RYM72|CQLNRR8S0|0.00015902
56|1|3HR8RYM72|G5SLLGNX1|7.0488e-05
57|1|3HR8RYM72|HQV15P9N0|0.00010464
58|1|3HR8RYM72|L1AH9PK84|8.0757e-05
59|1|3HR8RYM72|S4SG2FKF7|8.2879e-05
60|1|3HR8RYM72|SX5ZLD2S2|0.00015244
61|1|3HR8RYM72|UDWRHLR51|8.6851e-05
62|1|3HR8RYM72|XJ7WDW4X6|8.3689e-05
63|1|3HR8RYM72|YG2MZHTM4|0.00019975
64|1|3MXUSNXU5|XH1CQ42J1|0.011601
65|1|3PMVQTPV4|3P3461UM2|0.00056188
66|1|3PMVQTPV4|U29UXQ575|9.7572e-05
67|1|3SNNZGZP5|3P3461UM2|0.00042312
68|1|3T16AQ887|3P3461UM2|0.00040188
69|1|3T16AQ887|KJ2VDB7V4|0.00019325
70|1|46SP8PQS6|15Z2LNWY4|9.6506e-05
71|1|46SP8PQS6|1L7YAV292|0.00013982
72|1|46SP8PQS6|34PDHDK14|7.8081e-05
73|1|46SP8PQS6|5BN44HAU0|0.00020074
74|1|46SP8PQS6|6ZCNKDZQ9|0.00026171
75|1|46SP8PQS6|A1Y6CAGU9|8.2912e-05
76|1|46SP8PQS6|C2G1VV7R6|8.6414e-05
77|1|46SP8PQS6|F1YND4NF5|9.3602e-05
78|1|46SP8PQS6|LSL3RR8B7|8.2306e-05
79|1|46SP8PQS6|PTP2PQ2L7|8.823e-05
80|1|46SP8PQS6|PXG5FLXM7|8.676e-05
81|1|46SP8PQS6|X49491YR2|0.00013157
82|1|46SP8PQS6|XMT8J2AN3|0.00043436
83|1|471LG3KP4|SSGVJ22W8|5.6211e-05
84|1|5532PFXP6|F2B296V57|0.00039773
85|1|5GKVWZPW1|TP6U4GXF4|0.00019758
86|1|641MVTDS5|71A12A4R1|0.00021657
87|1|641MVTDS5|9BSZP1YJ3|0.00015382
88|1|641MVTDS5|9LZWHKY40|0.00012502
89|1|641MVTDS5|ABDMCKPB5|0.00017976
90|1|641MVTDS5|F1SW811N1|0.00024172
91|1|641MVTDS5|JYM979R32|0.00011844
92|1|641MVTDS5|N8PV99SR6|0.00067388
93|1|641MVTDS5|SSCH9JQX9|0.00010521
94|1|68U8MTSG5|3P3461UM2|9.8845e-05
95|1|68U8MTSG5|8S66LAKD7|9.6599e-05
96|1|68U8MTSG5|VLBKLT9K5|0.00014439
97|1|68U8MTSG5|YHZLYBD64|0.00014804
98|1|6FZZ5ZU84|SHKG9JPF6|1.1473e-05
99|1|6J45DWZ30|KJ2VDB7V4|0.00013852
100|1|71K3BDYR7|X643SP8R9|4.652e-05
101|1|74JWXR6N4|YKNFJJZZ5|0.00012379
102|1|7BRCD1QT7|SSGVJ22W8|5.1842e-05
103|1|7NBST2FW9|YKNFJJZZ5|0.00010418
104|1|8APTAY6F6|NRFJHDDU3|0.00072366
105|1|8BRATPRM4|1VXGM83S5|0.0086378
106|1|8BRATPRM4|2FSA38VQ2|0.028283
107|1|8BRATPRM4|2JZSC3WL8|0.0078593
108|1|8BRATPRM4|2KUGL7R82|0.0088476
109|1|8BRATPRM4|2M152TRL8|0.0072615
110|1|8BRATPRM4|35K5U1HF7|0.013608
111|1|8BRATPRM4|3H7HJ3U49|0.007705
112|1|8BRATPRM4|3TDJ1UK83|0.023506
113|1|8BRATPRM4|47PMY8TD3|0.014593
114|1|8BRATPRM4|4FJGT75H0|0.013115
115|1|8BRATPRM4|5KYVNCA87|0.0081336
116|1|8BRATPRM4|5T7ARAZ95|0.02448
117|1|8BRATPRM4|6B4B4KK69|0.023073
118|1|8BRATPRM4|79P5TGNV7|0.021786
119|1|8BRATPRM4|8CY7HHVT2|0.0058342
120|1|8BRATPRM4|AM59FYG18|0.018176
121|1|8BRATPRM4|CMUFZNV76|0.0036711
122|1|8BRATPRM4|DRJ3XQF36|0.0086543
123|1|8BRATPRM4|FJYKYD6L5|0.031559
124|1|8BRATPRM4|G9FNLY498|0.0045195
125|1|8BRATPRM4|NBNNLCVJ2|0.0082057
126|1|8BRATPRM4|NVAXU8NL3|0.03539
127|1|8BRATPRM4|P2D7J2B61|0.0020222
128|1|8BRATPRM4|PLUHJNTS5|0.0099605
129|1|8BRATPRM4|V3LQGPNR4|0.016541
130|1|8BRATPRM4|V9GG81MC5|0.0074273
131|1|8BRATPRM4|W5DMY1U26|0.0079771
132|1|8BRATPRM4|X97FVXU30|0.0093521
133|1|8BRATPRM4|XTMR8W5T2|0.015144
134|1|8BRATPRM4|XZGC961F8|0.00084572
135|1|8BRATPRM4|YJWN9SJ15|0.027658
136|1|8BRATPRM4|YS3H2FY34|0.0073408
137|1|8LM7KGKW8|1639RG8U6|0.0051021
138|1|8LM7KGKW8|22L9TUCC6|0.0047424
139|1|8LM7KGKW8|2BGS79NK1|0.01367
140|1|8LM7KGKW8|2R3DZXMY0|0.0069272
141|1|8LM7KGKW8|2SC24FY89|0.0055729
142|1|8LM7KGKW8|3G6BZDAQ8|0.0091484
143|1|8LM7KGKW8|426Z7G4G8|0.0053678
144|1|8LM7KGKW8|5B8SDBZU0|0.0053999
145|1|8LM7KGKW8|7C6A9F7F7|0.015759
146|1|8LM7KGKW8|7DVQZVZV2|0.0091258
147|1|8LM7KGKW8|7VUG8UZ13|0.004185
148|1|8LM7KGKW8|872KQCTJ5|0.0066547
149|1|8LM7KGKW8|88S4Q9MF3|0.011882
150|1|8LM7KGKW8|8SF5F9CK2|0.0063237
151|1|8LM7KGKW8|96JCX4ZG5|0.00021036
152|1|8LM7KGKW8|A3JQMSV23|0.0055574
153|1|8LM7KGKW8|APPCL93H9|0.0095324
154|1|8LM7KGKW8|C4FANSYC2|0.0050358
155|1|8LM7KGKW8|D9YMFNVL6|0.0048843
156|1|8LM7KGKW8|F1X4URJ14|0.0051744
157|1|8LM7KGKW8|GMR6KZMM2|0.0076655
158|1|8LM7KGKW8|GUDBQPAT2|0.0050154
159|1|8LM7KGKW8|GZ5CAFHV5|0.0077324
160|1|8LM7KGKW8|JSGFPVSY0|0.0067353
161|1|8LM7KGKW8|JVH3Q43A7|0.021661
162|1|8LM7KGKW8|KC3LXC985|0.013995
163|1|8LM7KGKW8|LGW9LU8T8|0.0098124
164|1|8LM7KGKW8|M3D5JCQ84|0.0064139
165|1|8LM7KGKW8|MLARTLXU1|0.0065067
166|1|8LM7KGKW8|MWTAJ9P49|0.020265
167|1|8LM7KGKW8|P1BTGGSU8|0.0044571
168|1|8LM7KGKW8|P9H16YHF3|0.0059122
169|1|8LM7KGKW8|PDJD4A951|0.015114
170|1|8LM7KGKW8|PFZAFP934|0.007461
171|1|8LM7KGKW8|PHPVFL2Z0|0.0046351
172|1|8LM7KGKW8|Q4AWBYYL4|0.0069953
173|1|8LM7KGKW8|QUQT4YPJ9|0.012252
174|1|8LM7KGKW8|QXZMVGUQ5|0.027164
175|1|8LM7KGKW8|RLY7838D3|0.012668
176|1|8LM7KGKW8|RZ6JALWT2|0.0087972
177|1|8LM7KGKW8|SFLZWJ183|0.0049538
178|1|8LM7KGKW8|Y98QXYZL5|0.0053373
179|1|8LM7KGKW8|ZSWYMHTG5|0.0063424
180|1|999V73DY4|SHKG9JPF6|1.1473e-05
181|1|9KLRF64W2|M3PVMAQ43|0.00083335
182|1|AC6248911|3P3461UM2|0.001672
183|1|ACALWDRL8|YKNFJJZZ5|0.00010418
184|1|ADBZ4QAA8|R5KB5S5Q6|0.0039521
185|1|AGKVRVV94|YKNFJJZZ5|0.00024069
186|1|ASXUBR6W9|GDRZU6UN0|6.2203e-05
187|1|AWY8LQVQ4|CPFC86A73|0.009136
188|1|AZ4AC27R3|3P3461UM2|9.917e-05
189|1|AZ4AC27R3|8S66LAKD7|9.6917e-05
190|1|AZ4AC27R3|VLBKLT9K5|0.00014487
191|1|AZ4AC27R3|YHZLYBD64|0.00014778
192|1|B69N3X845|YKNFJJZZ5|0.0046702
193|1|BGTM4HQJ4|ZRSBF4X82|0.075142
194|1|BJT9PRHK9|1Q1FV2YQ6|0.025315
195|1|BJT9PRHK9|1V8GFQS54|0.031626
196|1|BJT9PRHK9|33AYUPWW3|0.041911
197|1|BJT9PRHK9|98CF8CB28|0.027207
198|1|BJT9PRHK9|BUDKUB767|0.023125
199|1|BJT9PRHK9|BX5UCZNB6|0.035662
200|1|BJT9PRHK9|GG6U7SR74|0.027553
201|1|BJT9PRHK9|HLY14HZS7|0.018748
202|1|BJT9PRHK9|PX9WHYD30|0.024653
203|1|BJT9PRHK9|QULQRZ9L5|0.019436
204|1|BJT9PRHK9|TV91BFN59|0.027613
205|1|BJT9PRHK9|VDL68PP93|0.030076
206|1|BJT9PRHK9|X7F9DVSD4|0.02929
207|1|BJT9PRHK9|Y7XLA3JW9|0.022919
208|1|BJY4U2ZP2|3P3461UM2|0.00042312
209|1|CK6KUJUC0|KJ2VDB7V4|6.5019e-05
210|1|CM2J1J798|XH1CQ42J1|0.011607
211|1|CVYX91LR7|3P3461UM2|0.0017105
212|1|CYGKHJ326|LMLV429B7|7.7003e-05
213|1|D14WA6S48|1TP2FPDD2|0.01356
214|1|D14WA6S48|3GYN4A1T5|0.013448
215|1|D14WA6S48|5CPYRYY65|0.036546
216|1|D14WA6S48|5MYBHB3X9|0.018171
217|1|D14WA6S48|5ZHTH2FT6|0.012235
218|1|D14WA6S48|6ZC74JZ22|0.024355
219|1|D14WA6S48|85KZ2TR81|0.016732
220|1|D14WA6S48|8J64UP9Y6|0.016082
221|1|D14WA6S48|9AH8TGK89|0.018654
222|1|D14WA6S48|BF1Q6APS1|0.021248
223|1|D14WA6S48|CG3FMLAQ8|0.013635
224|1|D14WA6S48|CJU4AWND1|0.014892
225|1|D14WA6S48|CL42LUYV9|0.010206
226|1|D14WA6S48|H27B6DJH6|0.013892
227|1|D14WA6S48|H2W73GUN7|0.0059984
228|1|D14WA6S48|H8CT6QKB0|0.038815
229|1|D14WA6S48|J3J8BY191|0.031817
230|1|D14WA6S48|J58755VL0|0.010588
231|1|D14WA6S48|NZKPLB566|0.014345
232|1|D14WA6S48|P74FJ6FF9|0.011389
233|1|D14WA6S48|PPR92WPW1|0.012438
234|1|D14WA6S48|T16NLMC49|0.027017
235|1|D14WA6S48|UDANAFR70|0.010869
236|1|D14WA6S48|V4JM1AUN4|0.022281
237|1|DFPGGRX25|71A12A4R1|0.00021657
238|1|DFPGGRX25|9BSZP1YJ3|0.00015382
239|1|DFPGGRX25|9LZWHKY40|0.00012502
240|1|DFPGGRX25|ABDMCKPB5|0.00017976
241|1|DFPGGRX25|F1SW811N1|0.00024172
242|1|DFPGGRX25|JYM979R32|0.00011844
243|1|DFPGGRX25|N8PV99SR6|0.00067388
244|1|DFPGGRX25|SSCH9JQX9|0.00010521
245|1|DNV7SLD80|29MJ5SBM8|0.0099247
246|1|DSAFQ64F3|2TTU6CXQ3|7.9022e-05
247|1|DSAFQ64F3|5PWGJVPL9|8.7611e-05
248|1|DSAFQ64F3|5S57D8AM4|8.5279e-05
249|1|DSAFQ64F3|74J8MK4A4|8.7752e-05
250|1|DSAFQ64F3|9P91AYMX4|0.0001228
251|1|DSAFQ64F3|AS8YFNVR7|0.00013155
252|1|DSAFQ64F3|ASK2ZZUV6|0.00010307
253|1|DSAFQ64F3|CQLNRR8S0|0.00015902
254|1|DSAFQ64F3|G5SLLGNX1|7.0488e-05
255|1|DSAFQ64F3|HQV15P9N0|0.00010464
256|1|DSAFQ64F3|L1AH9PK84|8.0757e-05
257|1|DSAFQ64F3|S4SG2FKF7|8.2879e-05
258|1|DSAFQ64F3|SX5ZLD2S2|0.00015244
259|1|DSAFQ64F3|UDWRHLR51|8.6851e-05
260|1|DSAFQ64F3|XJ7WDW4X6|8.3689e-05
261|1|DSAFQ64F3|YG2MZHTM4|0.00019975
262|1|F1KJWN889|1YDJYPJL2|6.1495e-05
263|1|F1KJWN889|23BPR7YF1|8.6117e-05
264|1|F1KJWN889|5JW97UMP8|6.7054e-05
265|1|F1KJWN889|6N8U3X4W1|5.6802e-05
266|1|F1KJWN889|7CNZDSVS5|4.292e-05
267|1|F1KJWN889|859199Q20|6.2333e-05
268|1|F1KJWN889|BTCHSGNN5|5.2941e-05
269|1|F1KJWN889|F4CFFUUN5|6.7957e-05
270|1|F1KJWN889|G5CRMV9P4|5.9347e-05
271|1|F1KJWN889|HQV15P9N0|2.455e-05
272|1|F1KJWN889|KBSU1U7S3|5.3094e-05
273|1|F1KJWN889|LPRQ53N18|5.5678e-05
274|1|F1KJWN889|M3JHF8547|0.0001169
275|1|F1KJWN889|NUUJ7S163|4.8059e-05
276|1|F1KJWN889|Q8UAWSAX1|4.657e-05
277|1|F1KJWN889|QWG95NM31|0.0001661
278|1|F1KJWN889|UBV787RK8|4.5519e-05
279|1|F1KJWN889|UDWRHLR51|0.00019266
280|1|FAGY55MQ4|1YDJYPJL2|6.1372e-05
281|1|FAGY55MQ4|27PUK3SM4|0.00018537
282|1|FAGY55MQ4|5JW97UMP8|6.692e-05
283|1|FAGY55MQ4|6N8U3X4W1|5.6689e-05
284|1|FAGY55MQ4|7CNZDSVS5|4.2834e-05
285|1|FAGY55MQ4|859199Q20|6.2208e-05
286|1|FAGY55MQ4|BTCHSGNN5|5.2835e-05
287|1|FAGY55MQ4|F4CFFUUN5|6.7821e-05
288|1|FAGY55MQ4|G5CRMV9P4|5.9229e-05
289|1|FAGY55MQ4|HQV15P9N0|2.4501e-05
290|1|FAGY55MQ4|KBSU1U7S3|5.3267e-05
291|1|FAGY55MQ4|LPRQ53N18|5.5566e-05
292|1|FAGY55MQ4|LTSB4CA66|9.4622e-05
293|1|FAGY55MQ4|M3JHF8547|0.00011667
294|1|FAGY55MQ4|NUUJ7S163|4.7963e-05
295|1|FAGY55MQ4|Q8UAWSAX1|4.6477e-05
296|1|FAGY55MQ4|QWG95NM31|0.00016576
297|1|FAGY55MQ4|UBV787RK8|4.5428e-05
298|1|FAGY55MQ4|UDWRHLR51|0.00019227
299|1|FGLSDA2W7|K58L6DXF0|6.2842e-06
300|1|FGLSDA2W7|SHKG9JPF6|1.351e-05
301|1|GH7XX78Z1|1F3GRJJR9|0.0057806
302|1|GH7XX78Z1|1G69839C0|0.0032347
303|1|GH7XX78Z1|1GDZCG278|0.0071685
304|1|GH7XX78Z1|1LHRQS171|0.0044507
305|1|GH7XX78Z1|1UCJ73U11|0.0031461
306|1|GH7XX78Z1|1Z7RXNBY4|0.0034376
307|1|GH7XX78Z1|25TSWYCV5|0.0061309
308|1|GH7XX78Z1|2M152TRL8|0.0030719
309|1|GH7XX78Z1|2MY3F1Z35|0.0035038
310|1|GH7XX78Z1|35K5U1HF7|0.0034654
311|1|GH7XX78Z1|3UC9SYV68|0.0027661
312|1|GH7XX78Z1|474NJ5WG6|0.0032055
313|1|GH7XX78Z1|4F7RK8396|0.0023614
314|1|GH7XX78Z1|4QY6PP825|0.0030439
315|1|GH7XX78Z1|4S95FKQ15|0.0019873
316|1|GH7XX78Z1|646CQZYD4|0.0035115
317|1|GH7XX78Z1|75U33ZKT8|0.011529
318|1|GH7XX78Z1|76NHT8CJ6|0.0022761
319|1|GH7XX78Z1|7N379GJN1|0.0044907
320|1|GH7XX78Z1|81Y7VFFY1|0.0036478
321|1|GH7XX78Z1|8CY7HHVT2|0.0023102
322|1|GH7XX78Z1|8J64UP9Y6|0.0031785
323|1|GH7XX78Z1|98CF8CB28|0.0042598
324|1|GH7XX78Z1|BAKWDCV42|0.0033582
325|1|GH7XX78Z1|BPXLC31C5|0.0039511
326|1|GH7XX78Z1|BUDKUB767|0.0036905
327|1|GH7XX78Z1|BVUGUT4Y8|0.0037811
328|1|GH7XX78Z1|BXA8WR4F7|0.013549
329|1|GH7XX78Z1|BYBATKLM4|0.0024221
330|1|GH7XX78Z1|C1SV48YK5|0.0039834
331|1|GH7XX78Z1|CL42LUYV9|0.0032332
332|1|GH7XX78Z1|CQGHRVTM0|0.002444
333|1|GH7XX78Z1|DL55RW5N0|0.0039142
334|1|GH7XX78Z1|DRJ3XQF36|0.0021785
335|1|GH7XX78Z1|DTRRHY3M2|0.0036555
336|1|GH7XX78Z1|DX9UFL3J3|0.003929
337|1|GH7XX78Z1|DXY176BQ6|0.003553
338|1|GH7XX78Z1|FJYKYD6L5|0.0043407
339|1|GH7XX78Z1|G9FNLY498|0.0020866
340|1|GH7XX78Z1|GHVV5XH82|0.0062393
341|1|GH7XX78Z1|GHX7MLMK7|0.0035233
342|1|GH7XX78Z1|H2W73GUN7|0.0019221
343|1|GH7XX78Z1|H6YPWWSQ5|0.002478
344|1|GH7XX78Z1|HACPN9D20|0.0038266
345|1|GH7XX78Z1|HLY14HZS7|0.002854
346|1|GH7XX78Z1|HMUC5FZA7|0.01075
347|1|GH7XX78Z1|J2CZ4M6U2|0.0098604
348|1|GH7XX78Z1|J58755VL0|0.0031929
349|1|GH7XX78Z1|JBTFH78G6|0.003564
350|1|GH7XX78Z1|JLXSH4YJ3|0.0021862
351|1|GH7XX78Z1|JWJHRPMN5|0.0028876
352|1|GH7XX78Z1|KHJLWZCJ9|0.0030779
353|1|GH7XX78Z1|LXQ95MRP1|0.003207
354|1|GH7XX78Z1|M8YAG7PG6|0.0043738
355|1|GH7XX78Z1|MH19L6PX4|0.0031128
356|1|GH7XX78Z1|MTJPP3KM5|0.0033703
357|1|GH7XX78Z1|N59TWC753|0.0035918
358|1|GH7XX78Z1|N5X59RAX6|0.0046597
359|1|GH7XX78Z1|NBNNLCVJ2|0.0031458
360|1|GH7XX78Z1|P2D7J2B61|0.00062864
361|1|GH7XX78Z1|P74FJ6FF9|0.0036805
362|1|GH7XX78Z1|PCL81T2A9|0.0099361
363|1|GH7XX78Z1|PGGLSQW11|0.0045236
364|1|GH7XX78Z1|PLUHJNTS5|0.0061286
365|1|GH7XX78Z1|QULQRZ9L5|0.0064564
366|1|GH7XX78Z1|R3KX4DDM7|0.0029587
367|1|GH7XX78Z1|R55NFWUW6|0.0044299
368|1|GH7XX78Z1|R7SQ74TA1|0.0044148
369|1|GH7XX78Z1|RDXLC3QP9|0.0037015
370|1|GH7XX78Z1|RRXLYH7H2|0.0036727
371|1|GH7XX78Z1|SBL8M5SD3|0.007184
372|1|GH7XX78Z1|SV7D4NDH2|0.0038246
373|1|GH7XX78Z1|T3LMKBK20|0.0036062
374|1|GH7XX78Z1|T798LW484|0.0085486
375|1|GH7XX78Z1|TSMN8RM78|0.0030064
376|1|GH7XX78Z1|U9S3SWNA5|0.0041264
377|1|GH7XX78Z1|V9GG81MC5|0.0033215
378|1|GH7XX78Z1|W3QY5N564|0.0083
379|1|GH7XX78Z1|WGJPBHAS4|0.0020375
380|1|GH7XX78Z1|WQHSDSHA4|0.0090985
381|1|GH7XX78Z1|X7F9DVSD4|0.0046992
382|1|GH7XX78Z1|X97FVXU30|0.0026612
383|1|GH7XX78Z1|X9LSM3530|0.0032646
384|1|GH7XX78Z1|XG9ASFG99|0.0019028
385|1|GH7XX78Z1|XTMR8W5T2|0.0040155
386|1|GH7XX78Z1|XZGC961F8|0.00042646
387|1|GH7XX78Z1|Y7XLA3JW9|0.0034552
388|1|GH7XX78Z1|Y8Z3SU436|0.0027915
389|1|GH7XX78Z1|YMXQ3AUS3|0.0035088
390|1|GH7XX78Z1|YS3H2FY34|0.0032076
391|1|GH7XX78Z1|YXYYRV193|0.0016849
392|1|GH7XX78Z1|ZHGKFJLL8|0.00321
393|1|GH7XX78Z1|ZXG5XN8Z1|0.0031345
394|1|GH7XX78Z1|ZZ7THZB57|0.0037482
395|1|GVL179B51|KJ2VDB7V4|0.0086683
396|1|HT7WZWBU6|T2SV69TP6|0.00025135
397|1|HVQD5NU26|FKHB78YP2|6.1519e-07
398|1|HVQD5NU26|V3GHP85Z0|0.00013617
399|1|J7GTR3H51|34F1V4PG7|4.4406e-05
400|1|J7GTR3H51|VVH7QJFL4|3.3301e-05
401|1|J7GTR3H51|YWUNQX588|6.2762e-05
402|1|JB53MVZ62|KJ2VDB7V4|0.00066199
403|1|JGYTAPG85|A5RWM4FL5|0.00064709
404|1|JNJARMBR0|1TNSWTCG4|8.1027e-05
405|1|JNJARMBR0|2TTU6CXQ3|7.7127e-05
406|1|JNJARMBR0|85M791V31|0.00015247
407|1|JNJARMBR0|9PHJR2FF5|8.3372e-05
408|1|JNJARMBR0|AJ8SFLLU8|8.7923e-05
409|1|JNJARMBR0|AS8YFNVR7|0.00010272
410|1|JNJARMBR0|CQLNRR8S0|0.0001552
411|1|JNJARMBR0|K5NY6SCK4|7.8004e-05
412|1|JNJARMBR0|M3FKMLTT6|8.9521e-05
413|1|JNJARMBR0|R77964TC9|8.3682e-05
414|1|JNJARMBR0|RJYT6QHA7|0.00010213
415|1|JNJARMBR0|SHKQTDQC1|7.8652e-05
416|1|JNJARMBR0|WQ143PTL4|0.00014878
417|1|JNJARMBR0|YG2MZHTM4|0.00019496
418|1|JNJARMBR0|ZWQU4RSP0|9.5073e-05
419|1|JS2GGUD88|15GNHK710|0.01086
420|1|JS2GGUD88|1GKVH3MA4|0.011454
421|1|JS2GGUD88|1VC7N95W4|0.014087
422|1|JS2GGUD88|2BCC5HAY8|0.010668
423|1|JS2GGUD88|4UD1T8YT6|0.01202
424|1|JS2GGUD88|52YTYPTY4|0.0091212
425|1|JS2GGUD88|6P47GJ1J0|0.012582
426|1|JS2GGUD88|84YMBSQC2|0.011596
427|1|JS2GGUD88|8LGNSA3B0|0.011845
428|1|JS2GGUD88|8QY3UGC50|0.005862
429|1|JS2GGUD88|91642HTC9|0.014765
430|1|JS2GGUD88|97QHZN3T7|0.0095283
431|1|JS2GGUD88|9F59ZNZY4|0.014172
432|1|JS2GGUD88|APPLGL560|0.011587
433|1|JS2GGUD88|B2RK6A870|0.011678
434|1|JS2GGUD88|B5WHFTZ65|0.0097847
435|1|JS2GGUD88|BH4ZPNV33|0.012542
436|1|JS2GGUD88|CHCZL5R98|0.016196
437|1|JS2GGUD88|CJU4AWND1|0.011148
438|1|JS2GGUD88|DGQF3GFR7|0.01516
439|1|JS2GGUD88|F1XUTHKM2|0.011887
440|1|JS2GGUD88|H1GJXN1J4|0.012327
441|1|JS2GGUD88|J9GPCCB81|0.011037
442|1|JS2GGUD88|JA72TTST0|0.013798
443|1|JS2GGUD88|KCBLRN5C4|0.01418
444|1|JS2GGUD88|KJBNT86T8|0.010656
445|1|JS2GGUD88|KKUZ7UAA8|0.005123
446|1|JS2GGUD88|KNJAYVF54|0.0091169
447|1|JS2GGUD88|KZXHQAAD9|0.01488
448|1|JS2GGUD88|L28ZHXU88|0.013769
449|1|JS2GGUD88|LUFYGVNC5|0.0094064
450|1|JS2GGUD88|LUYG6VDJ0|0.0098659
451|1|JS2GGUD88|M776XMP67|0.011204
452|1|JS2GGUD88|MDTK6S7D1|0.010881
453|1|JS2GGUD88|MLL9PMVU3|0.013238
454|1|JS2GGUD88|NLFXUZG12|0.0098639
455|1|JS2GGUD88|NSH8VG1Q2|0.0093858
456|1|JS2GGUD88|RTDR66949|0.0097901
457|1|JS2GGUD88|SKDWD32F7|0.01538
458|1|JS2GGUD88|U7VYJW7B3|0.012115
459|1|JS2GGUD88|VC4SZ2R79|0.0089702
460|1|JS2GGUD88|ZS54986R7|0.010499
461|1|K5WBBF5L2|2WR4SCVQ4|0.0029116
462|1|KKN1PSKA5|3P3461UM2|0.011983
463|1|KZNL1YAZ7|7XVUFHYJ0|0.024351
464|1|LFQCDN758|3P3461UM2|0.00042401
465|1|LG358RGN4|1SXDGBWW8|0.01078
466|1|LG358RGN4|1V8GFQS54|0.016217
467|1|LG358RGN4|3JC32WR30|0.0042166
468|1|LG358RGN4|4FJGT75H0|0.0054603
469|1|LG358RGN4|5CPYRYY65|0.0073608
470|1|LG358RGN4|7KBAUV7M9|0.0074454
471|1|LG358RGN4|7MA6UGWU2|0.010766
472|1|LG358RGN4|8U8Y1WNU2|0.0045852
473|1|LG358RGN4|97QHZN3T7|0.006665
474|1|LG358RGN4|AG7F88PA0|0.0096443
475|1|LG358RGN4|B5HMNXMA8|0.012027
476|1|LG358RGN4|BF1Q6APS1|0.0059742
477|1|LG358RGN4|BX5UCZNB6|0.0052738
478|1|LG358RGN4|CS2HM99U9|0.0061947
479|1|LG358RGN4|DM36KYC11|0.0066979
480|1|LG358RGN4|FK8K9A585|0.0061417
481|1|LG358RGN4|H8CT6QKB0|0.0060818
482|1|LG358RGN4|H9LRP4R49|0.0049724
483|1|LG358RGN4|J3J8BY191|0.0054877
484|1|LG358RGN4|JDT5V2333|0.010205
485|1|LG358RGN4|KQN19JMV2|0.0048426
486|1|LG358RGN4|KZDRGFJA6|0.0050338
487|1|LG358RGN4|M5NTDJFX4|0.0049646
488|1|LG358RGN4|MLTAPJLQ9|0.0084661
489|1|LG358RGN4|N6GC4J715|0.026226
490|1|LG358RGN4|NVAXU8NL3|0.0072403
491|1|LG358RGN4|PLQ9R7B12|0.005171
492|1|LG358RGN4|Q9B5AKZR8|0.0076094
493|1|LG358RGN4|QFGL8BK10|0.010272
494|1|LG358RGN4|RH16QYU13|0.014494
495|1|LG358RGN4|S3GKXF4P5|0.0045759
496|1|LG358RGN4|SPQ3VXMU5|0.011204
497|1|LG358RGN4|T16NLMC49|0.015083
498|1|LG358RGN4|T5NKM1L26|0.0051889
499|1|LG358RGN4|TV91BFN59|0.0063353
500|1|LG358RGN4|U2S9K6SM1|0.0042473
501|1|LG358RGN4|VDL68PP93|0.0048016
502|1|LG358RGN4|WMJ94XBX8|0.016913
503|1|LG358RGN4|XAPUMHWN3|0.004961
504|1|LG358RGN4|XVDSMK9C8|0.0095595
505|1|LG358RGN4|Y1SWVDLV8|0.0057351
506|1|LG358RGN4|Z9RSAAR50|0.0092208
507|1|LG358RGN4|ZBHMA1QH4|0.0044734
508|1|LGVWMT712|1C9KBDCH0|0.00035618
509|1|LGVWMT712|2S9H9UPQ2|0.0015277
510|1|LGVWMT712|2WV9S8AV9|0.00056581
511|1|LGVWMT712|4KBLPA3A0|0.0015346
512|1|LGVWMT712|53CRD5630|0.00080741
513|1|LGVWMT712|5KW4WS1Z4|0.001136
514|1|LGVWMT712|5LTHDN619|0.0020611
515|1|LGVWMT712|642BUKGC0|0.0016838
516|1|LGVWMT712|64TQ4D360|0.0003843
517|1|LGVWMT712|6KLHBW123|0.00046142
518|1|LGVWMT712|7P24A1V27|0.0016737
519|1|LGVWMT712|7TN21VHP9|0.001274
520|1|LGVWMT712|8R2V1ZRW6|0.00056951
521|1|LGVWMT712|95BKBTZ19|0.00058796
522|1|LGVWMT712|9NQLRWSH1|0.00031187
523|1|LGVWMT712|AK2472A60|0.0008112
524|1|LGVWMT712|B23MXKZY1|0.00056292
525|1|LGVWMT712|BKBYSPCX8|0.00041012
526|1|LGVWMT712|C5B53X1J6|0.0011759
527|1|LGVWMT712|DX9DTZ2H0|0.00031114
528|1|LGVWMT712|G12N47LM9|0.0018022
529|1|LGVWMT712|GG7PFYT96|0.001806
530|1|LGVWMT712|GMU9GBY13|0.00038296
531|1|LGVWMT712|HCRBSWDX7|0.0011145
532|1|LGVWMT712|JDMV4TGY2|0.00081287
533|1|LGVWMT712|JP7N8LRW5|0.0030402
534|1|LGVWMT712|KPFW71JJ7|0.0014695
535|1|LGVWMT712|KU91ZSY39|0.002215
536|1|LGVWMT712|LV2B6WP83|0.00037834
537|1|LGVWMT712|MAXFTPB98|0.0026754
538|1|LGVWMT712|ML7HUJMB4|0.0014444
539|1|LGVWMT712|MPKSYH178|0.0018562
540|1|LGVWMT712|R8GUN35D7|0.0018826
541|1|LGVWMT712|RBZ3BJ380|0.0021445
542|1|LGVWMT712|SJW6SS8L6|0.0011567
543|1|LGVWMT712|T7NWHGFF7|0.0014504
544|1|LGVWMT712|TBZ1144H5|0.0012177
545|1|LGVWMT712|TKSUD4B39|0.00050616
546|1|LGVWMT712|UHUQDSRH9|0.00036345
547|1|LGVWMT712|UWKZ5K462|0.00048542
548|1|LGVWMT712|UZ7XXK688|0.0019799
549|1|LGVWMT712|VMMLHMN80|0.00074134
550|1|LGVWMT712|WP3SF3P64|0.0021338
551|1|LGVWMT712|WQ99TYPF5|0.00031187
552|1|LGVWMT712|XCABKBCS3|0.0012334
553|1|LGVWMT712|XZ2754MZ6|0.00085531
554|1|LGVWMT712|XZ8B99AK2|0.001136
555|1|LGVWMT712|YKUAY3N89|0.001472
556|1|LGVWMT712|YX4BPP3B4|0.0003434
557|1|LPXHXS820|4A2YL3YY8|0.039412
558|1|LPXHXS820|4LCFZVNH6|0.021788
559|1|LPXHXS820|4QY6PP825|0.0098765
560|1|LPXHXS820|B2MJFVTJ3|0.016149
561|1|LPXHXS820|KHTWKCDQ1|0.012713
562|1|LPXHXS820|XC9J5FAB5|0.012978
563|1|LZWYQS8L8|VG15QZKX0|0.00016627
564|1|LZWYQS8L8|YKNFJJZZ5|0.00056098
565|1|LZWYQS8L8|ZDTJZYK99|3.3191e-05
566|1|MBA2L2LP2|K58L6DXF0|3.7334e-05
567|1|MBA2L2LP2|SHKG9JPF6|8.6736e-05
568|1|MFDWWT894|PJ1ZSS8S4|0.0031139
569|1|MPK4N9XV3|1TNSWTCG4|8.1027e-05
570|1|MPK4N9XV3|2TTU6CXQ3|7.7127e-05
571|1|MPK4N9XV3|85M791V31|0.00015247
572|1|MPK4N9XV3|9PHJR2FF5|8.3372e-05
573|1|MPK4N9XV3|AJ8SFLLU8|8.7923e-05
574|1|MPK4N9XV3|AS8YFNVR7|0.00010272
575|1|MPK4N9XV3|CQLNRR8S0|0.0001552
576|1|MPK4N9XV3|K5NY6SCK4|7.8004e-05
577|1|MPK4N9XV3|M3FKMLTT6|8.9521e-05
578|1|MPK4N9XV3|R77964TC9|8.3682e-05
579|1|MPK4N9XV3|RJYT6QHA7|0.00010213
580|1|MPK4N9XV3|SHKQTDQC1|7.8652e-05
581|1|MPK4N9XV3|WQ143PTL4|0.00014878
582|1|MPK4N9XV3|YG2MZHTM4|0.00019496
583|1|MPK4N9XV3|ZWQU4RSP0|9.5073e-05
584|1|MUQ1U7HF1|KJ2VDB7V4|0.00012497
585|1|MXYM1UMP3|JYHFJWCG7|3.6523e-05
586|1|MYGJVTBB1|HSYGRRG20|2.3686e-05
587|1|N4H1JZDT3|27PMNSQX2|0.0022401
588|1|N4H1JZDT3|3AG98Q7X5|0.002019
589|1|N4H1JZDT3|41SG4CP85|0.0017136
590|1|N4H1JZDT3|4NGT5ST25|0.0031927
591|1|N4H1JZDT3|71F625KW7|0.0015628
592|1|N4H1JZDT3|77B2JVPH0|0.0010364
593|1|N4H1JZDT3|8HC77VH53|0.0013722
594|1|N4H1JZDT3|8VFXPXPC4|0.0016313
595|1|N4H1JZDT3|AJFNV5833|0.0012493
596|1|N4H1JZDT3|BGLD2KXL4|0.0017454
597|1|N4H1JZDT3|BX1LS95Y1|0.0012301
598|1|N4H1JZDT3|BYVG1GFH6|0.0012422
599|1|N4H1JZDT3|JAJ487V78|0.0010697
600|1|N4H1JZDT3|JMBRQ6C80|0.0018352
601|1|N4H1JZDT3|P81WG7LA8|0.0018738
602|1|N4H1JZDT3|QFFUA9FG6|0.0020148
603|1|N4H1JZDT3|SW67JBPP3|0.00197
604|1|N4H1JZDT3|TSZ5KYUS9|0.0014524
605|1|N4H1JZDT3|TZ5RUQW37|0.0011483
606|1|N4H1JZDT3|WSWQK7PM0|0.0020563
607|1|NFXRUS2N1|5L4RRZVB2|0.011792
608|1|NFXRUS2N1|7CNQVWUU2|0.02673
609|1|NFXRUS2N1|A53XQU835|0.021918
610|1|NFXRUS2N1|H9LRP4R49|0.023698
611|1|NFXRUS2N1|JFLCC2RY8|0.038297
612|1|NFXRUS2N1|JLXSH4YJ3|0.015142
613|1|NFXRUS2N1|LXQ95MRP1|0.011037
614|1|NFXRUS2N1|QUYNPTK64|0.023876
615|1|NFXRUS2N1|T5NKM1L26|0.021698
616|1|NFXRUS2N1|US4F9VYD7|0.01773
617|1|NFXRUS2N1|VSHL689R0|0.024746
618|1|NFXRUS2N1|WGJPBHAS4|0.013703
619|1|NHTFHVDM6|2RADC9CL9|0.00057496
620|1|NHTFHVDM6|GS9WXW510|1.217e-05
621|1|NHTFHVDM6|KQZGT5TU9|1.3204e-06
622|1|NHTFHVDM6|L47NM8GS3|3.8881e-06
623|1|NT7SLBHR0|8ZRWY5BY2|0.00016306
624|1|P8DKV5TY8|1X4NBA6C7|0.0059884
625|1|P8DKV5TY8|45M478R91|0.028661
626|1|P8DKV5TY8|7ZS8VNBQ6|0.009148
627|1|P8DKV5TY8|A346JQDU9|0.0051546
628|1|P8DKV5TY8|B4G1KAZW9|0.011442
629|1|P8DKV5TY8|C78HK5LB7|0.0066711
630|1|P8DKV5TY8|CM2VZK924|0.0039895
631|1|P8DKV5TY8|FN8QVBBY5|0.0055166
632|1|P8DKV5TY8|GAWDUM445|0.021877
633|1|P8DKV5TY8|HQW396DD0|0.0056942
634|1|P8DKV5TY8|HX25H6CU7|0.0044562
635|1|P8DKV5TY8|LRG94ZFX3|0.0053567
636|1|P8DKV5TY8|MZUZTR3L0|0.011404
637|1|P8DKV5TY8|P4JNRSNG5|0.0072354
638|1|P8DKV5TY8|QM39JUN92|0.0071906
639|1|P8DKV5TY8|QZFVVNSA5|0.0051699
640|1|P8DKV5TY8|SHL3SFS50|0.0098343
641|1|P8DKV5TY8|SKNB69TQ4|0.0044017
642|1|P8DKV5TY8|SN4U5B9K8|0.011605
643|1|P8DKV5TY8|U1NYZ7235|0.0070899
644|1|P8DKV5TY8|UYUBPJUA3|0.0058119
645|1|P8DKV5TY8|V8LKMYNH2|0.0056178
646|1|P8DKV5TY8|VLCR5GF51|0.0054652
647|1|P8DKV5TY8|WCU1444L2|0.005152
648|1|P8DKV5TY8|X6MQS41C5|0.006167
649|1|P8DKV5TY8|ZL3UWBLA3|0.0066096
650|1|PB62YD830|3P3461UM2|0.0014461
651|1|PBFCY44D0|46W5433Y0|0.00019629
652|1|PBFCY44D0|5LGP7VZF1|7.343e-05
653|1|PBFCY44D0|7V6DRPRA6|6.5923e-05
654|1|PBFCY44D0|97FZXW5F9|7.6479e-05
655|1|PBFCY44D0|CYBSGPPP6|6.1291e-05
656|1|PBFCY44D0|DFA3XBMF9|8.8445e-05
657|1|PBFCY44D0|NYVC3BR13|6.9087e-05
658|1|PBFCY44D0|V81BH9Q82|5.5708e-05
659|1|PH4N9W4R0|317TLSS27|0.033519
660|1|PH4N9W4R0|97QHZN3T7|0.027236
661|1|PH4N9W4R0|J12HAYNZ2|0.017711
662|1|PH4N9W4R0|T332CHU11|0.010016
663|1|PH4N9W4R0|VCT413ZV8|0.026012
664|1|PH4N9W4R0|XN229A4Q6|0.011283
665|1|PMBT6MHV0|46W5433Y0|0.00019656
666|1|PMBT6MHV0|5LGP7VZF1|7.3532e-05
667|1|PMBT6MHV0|7V6DRPRA6|6.6015e-05
668|1|PMBT6MHV0|97FZXW5F9|7.6585e-05
669|1|PMBT6MHV0|CYBSGPPP6|6.1376e-05
670|1|PMBT6MHV0|DFA3XBMF9|8.5801e-05
671|1|PMBT6MHV0|NYVC3BR13|6.9184e-05
672|1|PMBT6MHV0|V81BH9Q82|5.5786e-05
673|1|Q6FSKN612|6PCJG7WU2|3.1827e-05
674|1|QJ2RT2CD4|CSH_USD__|0.00017691
675|1|QN8K84M75|4Z7Y7BF76|0.00026618
676|1|QN8K84M75|71A12A4R1|0.00021638
677|1|QN8K84M75|9BSZP1YJ3|0.00015007
678|1|QN8K84M75|9LZWHKY40|0.00012522
679|1|QN8K84M75|F1SW811N1|0.00023583
680|1|QN8K84M75|JYM979R32|0.00011555
681|1|QN8K84M75|L9Y2GQZJ4|0.00071042
682|1|QN8K84M75|SSCH9JQX9|0.0001066
683|1|QRNP7X814|3P3461UM2|0.00023904
684|1|QRNP7X814|HKGA7HX17|5.0555e-06
685|1|QRNP7X814|KJ2VDB7V4|9.9093e-05
686|1|QY7GYCKV3|2AQQFN4N1|0.022991
687|1|QY7GYCKV3|2K6RDJL27|0.014888
688|1|QY7GYCKV3|3UC9SYV68|0.014004
689|1|QY7GYCKV3|4L4JTGTL2|0.01653
690|1|QY7GYCKV3|5GAMQVV68|0.0153
691|1|QY7GYCKV3|5M698RFJ8|0.022954
692|1|QY7GYCKV3|6CTTNMD72|0.024143
693|1|QY7GYCKV3|7KBAUV7M9|0.056913
694|1|QY7GYCKV3|9ARKT6FK2|0.015874
695|1|QY7GYCKV3|AU47H66P2|0.0143
696|1|QY7GYCKV3|BYBATKLM4|0.006924
697|1|QY7GYCKV3|HQMUWBKA2|0.025315
698|1|QY7GYCKV3|QQWVZ5R20|0.021799
699|1|QY7GYCKV3|R4W14QW26|0.016277
700|1|QY7GYCKV3|RDXLC3QP9|0.01103
701|1|QY7GYCKV3|U9S3SWNA5|0.01354
702|1|QY7GYCKV3|VM4D4SWN6|0.0067225
703|1|QY7GYCKV3|W37546AH6|0.02773
704|1|QY7GYCKV3|W3QY5N564|0.011537
705|1|QY7GYCKV3|W8PBF3YS7|0.0094276
706|1|QY7GYCKV3|X9LSM3530|0.008818
707|1|QY7GYCKV3|XG9ASFG99|0.0088072
708|1|QY7GYCKV3|YV192MYQ1|0.016177
709|1|QY7GYCKV3|Z4DX29L38|0.0099818
710|1|QY7GYCKV3|Z8V1H2Q74|0.024151
711|1|RBQDCS551|SHKG9JPF6|1.1473e-05
712|1|RJZ2QLJ87|KJ2VDB7V4|9.4461e-05
713|1|S8KJTBFG4|NR514RDA0|2.9532e-06
714|1|S8KJTBFG4|X7WBVMBN6|6.133e-06
715|1|S8KJTBFG4|YKNFJJZZ5|1.5685e-05
716|1|SBQH2V6F2|7XVUFHYJ0|0.0024352
717|1|SJGY1UTX8|SJL9MT6N4|3.9699e-06
718|1|SJH3A9UD4|YKNFJJZZ5|0.00025803
719|1|STDC9C7D7|VG15QZKX0|8.3837e-07
720|1|STDC9C7D7|YKNFJJZZ5|8.2468e-05
721|1|T3ASHVLV4|YK6HB8G75|2.6361e-06
722|1|T3ASHVLV4|YKNFJJZZ5|7.4359e-05
723|1|T3AWSAMB2|KJ2VDB7V4|0.0013279
724|1|U1MKQXV60|3P3461UM2|0.00013928
725|1|U1MKQXV60|51CDHQAQ9|0.00014166
726|1|U1MKQXV60|621NYDM67|0.00013957
727|1|U1MKQXV60|9ALDBCUW7|0.00016742
728|1|U1MKQXV60|AGLPBHY34|0.00025702
729|1|U1MKQXV60|CYH2QZ5A9|0.0001392
730|1|U1MKQXV60|GM5YFAPC5|0.00016999
731|1|U1MKQXV60|HH5GSQ1R8|0.00013912
732|1|U1MKQXV60|J7LTN7X78|0.00012528
733|1|U1MKQXV60|NX1CKQG18|0.00016051
734|1|U1MKQXV60|U526Y7K80|0.00017156
735|1|U1MKQXV60|WATYKU9S0|0.00012984
736|1|U1MKQXV60|X684J3PF9|0.00014075
737|1|U1MKQXV60|XMT8J2AN3|0.00013456
738|1|U1MKQXV60|YRBM6TDW1|0.00025397
739|1|U1MKQXV60|YT1CM34Z2|0.0001323
740|1|UAN21JLF8|1SXDGBWW8|0.025901
741|1|UAN21JLF8|4F7RK8396|0.011795
742|1|UAN21JLF8|5VJ46TTL3|0.015179
743|1|UAN21JLF8|DX9UFL3J3|0.020905
744|1|UAN21JLF8|FXU4YFZW3|0.016271
745|1|UAN21JLF8|SPQ3VXMU5|0.018328
746|1|UAN21JLF8|TSS8UJ5C6|0.013271
747|1|UAN21JLF8|U7WX78A83|0.01719
748|1|UAN21JLF8|WMJ94XBX8|0.036481
749|1|UAN21JLF8|XV42CL751|0.016625
750|1|UAN21JLF8|Y1SWVDLV8|0.02453
751|1|UJVFAW7V3|YKNFJJZZ5|0.00010814
752|1|UKTBPTDD6|YKNFJJZZ5|1.8338e-06
753|1|ULV4QDZJ4|HNMZ92Q75|0.00019492
754|1|UNJGJ3PL3|3P3461UM2|0.00042401
755|1|UPUU2A6Y9|3P3461UM2|0.00052203
756|1|UTSUKDMB0|YKNFJJZZ5|0.00021263
757|1|UUQRXASV8|4CYBB1TP9|1.5032e-05
758|1|UUQRXASV8|7VANCF7P6|1.5764e-05
759|1|UUQRXASV8|PL6Z38MX8|5.49e-05
760|1|UUQRXASV8|YKNFJJZZ5|1.6235e-05
761|1|UX2TKBSZ7|8NS2LHXL6|6.4104e-05
762|1|V6Z7SV6G1|C5MTKA252|2.421e-05
763|1|VMNK5YR50|3P3461UM2|0.00013928
764|1|VMNK5YR50|51CDHQAQ9|0.00014166
765|1|VMNK5YR50|621NYDM67|0.00013957
766|1|VMNK5YR50|9ALDBCUW7|0.00016742
767|1|VMNK5YR50|AGLPBHY34|0.00025702
768|1|VMNK5YR50|CYH2QZ5A9|0.0001392
769|1|VMNK5YR50|GM5YFAPC5|0.00016999
770|1|VMNK5YR50|HH5GSQ1R8|0.00013912
771|1|VMNK5YR50|J7LTN7X78|0.00012528
772|1|VMNK5YR50|NX1CKQG18|0.00016051
773|1|VMNK5YR50|U526Y7K80|0.00017156
774|1|VMNK5YR50|WATYKU9S0|0.00012984
775|1|VMNK5YR50|X684J3PF9|0.00014075
776|1|VMNK5YR50|XMT8J2AN3|0.00013456
777|1|VMNK5YR50|YRBM6TDW1|0.00025397
778|1|VMNK5YR50|YT1CM34Z2|0.0001323
779|1|VPGZMUY91|1KKP43S81|0.00080737
780|1|VPGZMUY91|23VAQNR25|0.00091353
781|1|VPGZMUY91|27Y5JTNX5|0.002509
782|1|VPGZMUY91|31HX64R69|0.001936
783|1|VPGZMUY91|3BCHH5BH5|0.0013345
784|1|VPGZMUY91|3Z7UPYDA0|0.00086474
785|1|VPGZMUY91|46W5433Y0|0.00094478
786|1|VPGZMUY91|4QXWBJ7H6|0.0018823
787|1|VPGZMUY91|4VPSNUD39|0.00098453
788|1|VPGZMUY91|4ZVYW7PA2|0.0006875
789|1|VPGZMUY91|5SK2BUPV5|0.0010062
790|1|VPGZMUY91|669B3M2K1|0.0017552
791|1|VPGZMUY91|7C259KS92|0.0018756
792|1|VPGZMUY91|8BDAQXLA7|0.0021078
793|1|VPGZMUY91|8RN36PQ52|0.0016989
794|1|VPGZMUY91|9K3HDSF22|0.001487
795|1|VPGZMUY91|9ZJ2MKKQ3|0.0015068
796|1|VPGZMUY91|B61KTTD44|0.0017304
797|1|VPGZMUY91|CQ7FGRYM9|0.0020151
798|1|VPGZMUY91|CXFDYTKN9|0.00099706
799|1|VPGZMUY91|D3JYQ2YW7|0.00096855
800|1|VPGZMUY91|F7RCVZAV4|0.0015934
801|1|VPGZMUY91|FFQ2DB1L4|0.00071952
802|1|VPGZMUY91|G5RJGYK66|0.00078397
803|1|VPGZMUY91|G7H9UTHA5|0.001341
804|1|VPGZMUY91|GD4R3CQ47|0.00096908
805|1|VPGZMUY91|GDJBBD225|0.00074724
806|1|VPGZMUY91|HL1UJMVG2|0.0013679
807|1|VPGZMUY91|HNW562LF0|0.0010075
808|1|VPGZMUY91|J4U2UDGS6|0.0016616
809|1|VPGZMUY91|JGC7QBCP7|0.0011395
810|1|VPGZMUY91|JH1DGXMV3|0.00265
811|1|VPGZMUY91|K8DWDYR67|0.00082243
812|1|VPGZMUY91|KUA8CR3A7|0.0014876
813|1|VPGZMUY91|KWDDMN853|0.00094333
814|1|VPGZMUY91|L1V6CMFM3|0.00090436
815|1|VPGZMUY91|MDP6ALQK9|0.00078127
816|1|VPGZMUY91|MKDDAQTT8|0.0021554
817|1|VPGZMUY91|MY2525WL5|0.00079007
818|1|VPGZMUY91|NANVJBHF5|0.00076549
819|1|VPGZMUY91|NN4MND4W6|0.00071413
820|1|VPGZMUY91|PDJD4A951|0.0013173
821|1|VPGZMUY91|PHPVFL2Z0|0.00074194
822|1|VPGZMUY91|PP34XVDY5|0.0016569
823|1|VPGZMUY91|QQNMMZTZ3|0.0011497
824|1|VPGZMUY91|R63B47Z46|0.0012701
825|1|VPGZMUY91|RL2NAU766|0.001041
826|1|VPGZMUY91|RU5JDXS37|0.0010097
827|1|VPGZMUY91|SA5G1UVG2|0.001538
828|1|VPGZMUY91|SPRA8VS24|0.0023036
829|1|VPGZMUY91|TLGPGWNM1|0.0029593
830|1|VPGZMUY91|TV4SQQ5S5|0.0013158
831|1|VPGZMUY91|U18GQDLH6|0.0026231
832|1|VPGZMUY91|UKF4DU488|0.0014343
833|1|VPGZMUY91|V7HL8DX54|0.0007679
834|1|VPGZMUY91|WPMM9UHH8|0.0018067
835|1|VPGZMUY91|WTKS2CXB1|0.00098944
836|1|VPGZMUY91|WY5PT7KY9|0.0024784
837|1|VPGZMUY91|X1SH1KHF9|0.0030044
838|1|VPGZMUY91|YZM46LL41|0.0013948
839|1|VPGZMUY91|Z49K64387|0.00095336
840|1|VPGZMUY91|ZXJ1MSGK2|0.0010034
841|1|VWPLBLHW7|2ZHF5BAH3|0.0013091
842|1|VWPLBLHW7|84FZCBXR9|0.00016625
843|1|VWPLBLHW7|9Q341HFU3|0.00026206
844|1|VWPLBLHW7|LS6YWWZ11|0.00022084
845|1|VWPLBLHW7|NTC2UMYC1|9.6773e-05
846|1|VWPLBLHW7|W4NFWY9P6|0.00014647
847|1|VXVD3MJQ4|KZPLHWGH6|0.00057768
848|1|WGX12MMS7|FRD5WD1P1|4.5711e-05
849|1|WKA1BZQT8|ARX1YSRN5|6.4772e-05
850|1|WLLZ3W6S9|M4ZDRM526|0.0018389
851|1|WLLZ3W6S9|X9W1FV4P5|0.004843
852|1|WVNKB91D8|SSGVJ22W8|3.5713e-05
853|1|XR74T8W56|FS2LCLB61|6.629e-07
854|1|XRYHWCHL6|V3GHP85Z0|1.815e-06
855|1|XRYHWCHL6|VG15QZKX0|1.8583e-05
856|1|XRYHWCHL6|YKNFJJZZ5|1.3889e-05
857|1|XRYHWCHL6|ZDTJZYK99|3.0803e-07
858|1|YQXS871N5|V3AXW2PF8|0.0001043
859|1|YTTVG8UF1|V3AXW2PF8|0.0001937
860|1|YZ74YK6D6|F2B296V57|1.6752e-05
861|1|ZDAZYAW10|KJ2VDB7V4|0.00035779
